"Country - (Currency)Area","First 60DaysUS$","First 60 DaysLocal",">60 DaysLocal","Roomas %ofDSA","EffectiveDated/mm/y","SurveyDated/mm/y",Notes
Afghanistan (Afghani),,,,,,,
Kabul,162,"11,200","11,200",70,1/2/18,1/4/17,
Kabul (Kabul Serena),290,"20,100","20,100",69,1/2/18,1/4/17,1
Elsewhere,96,"6,660","6,660",70,1/2/18,1/4/17,
Albania (Albania Lek(e)),,,,,,,
Tirana,147,"15,400","11,500",66,1/3/18,1/7/17,
Tirana (Rogner),165,"17,300","13,000",69,1/3/18,1/7/17,1
Tirana (Sheraton),193,"20,200","15,200",54,1/3/18,1/7/17,1
"Durres (Adriatic, Hotel Palace)",200,"20,900","15,700",68,1/3/18,1/7/17,1
Korca (Life Gallery Hotel),116,"12,100","9,110",60,1/3/18,1/7/17,1
"Saranda (Butrinti, Demi Hotel)",139,"14,600","10,900",67,1/3/18,1/7/17,1
Shkodra,133,"13,900","10,500",61,1/3/18,1/7/17,
Vlore,106,"11,100","8,380",53,1/3/18,1/7/17,
Elsewhere,78,"8,170","6,180",50,1/3/18,1/7/17,
Algeria (Algerian Dinar),,,,,,,
Algiers,211,"24,100","18,100",59,1/3/18,1/9/16,
"Algiers (El-Aurassi, El-Djazair, Mercure)",356,"40,700","30,500",59,1/3/18,1/9/16,1
"Algiers (Hilton, Sheraton)",456,"52,100","39,100",70,1/3/18,1/9/16,1
Algiers (Sofitel),420,"48,000","36,000",63,1/3/18,1/9/16,1
Adrar,176,"20,100","15,100",47,1/3/18,1/5/15,
Annaba (Golden Tulip Sabri),201,"23,000","17,300",54,1/3/18,1/9/16,1
Annaba (Sheraton),425,"48,500","36,400",62,1/3/18,1/4/17,1
Constantine (Marriott),321,"36,600","27,500",63,1/3/18,1/4/17,1
Constantine (Novotel),208,"23,700","17,800",57,1/3/18,1/9/16,1
Oran,178,"20,300","15,200",55,1/3/18,1/9/16,
Oran (Hotel Royal),307,"35,100","26,300",67,1/3/18,1/9/16,1
Oran (Le Meridien),333,"38,000","28,500",68,1/3/18,1/9/16,1
Oran (Sheraton),281,"32,100","24,100",62,1/3/18,1/9/16,1
Setif (Novotel),262,"29,900","22,400",60,1/3/18,1/4/17,1
Tamanrasset,159,"18,100","13,600",51,1/3/18,1/9/16,
Elsewhere,171,"19,500","14,600",51,1/3/18,1/4/17,
American Samoa (US Dollar),,,,,,,
All Areas,238,238,179,61,1/10/11,1/10/11,
Angola (Kwanza),,,,,,,11
Luanda,400,"81,700","61,300",59,1/2/18,1/2/17,
"Luanda (Baia, Presidente, Tropico)",455,"92,900","69,700",70,1/2/18,1/2/17,1
Luanda (Skyna),530,"108,000","81,300",72,1/2/18,1/2/17,1
Benguela,200,"40,900","30,600",48,1/2/18,1/2/17,
Cabinda,251,"51,300","38,400",70,1/2/18,1/2/17,
Dundu,262,"53,500","40,200",58,1/2/18,1/2/17,
Huambo,175,"35,700","26,800",53,1/2/18,1/2/17,
Lobito,272,"55,600","41,700",56,1/2/18,1/2/17,
Lubango,190,"38,800","29,200",68,1/2/18,1/2/17,
Luena,175,"35,700","26,800",60,1/2/18,1/2/17,
Malange,185,"37,800","28,400",59,1/2/18,1/2/17,
Ndalatando,178,"36,400","27,400",54,1/2/18,1/2/17,
Uige,175,"35,700","26,800",60,1/2/18,1/2/17,
Elsewhere,159,"32,500","24,300",60,1/2/18,1/2/17,
Anguilla (E.C. Dollar),,,,,,,
All Areas (15 Dec. - 14 Apr.),610,"1,650","1,240",66,1/10/17,1/10/17,
All Areas  (15 Apr. - 14 Dec.),426,"1,150",860,57,1/10/17,1/10/17,
Antigua and Barbuda (E.C. Dollar),,,,,,,
All Areas (1 Apr. - 30 Nov.),337,910,680,64,1/10/17,1/10/17,
All Areas (1 Dec. - 31 Mar.),359,970,730,66,1/10/17,1/10/17,
Argentina (Argentine Peso),,,,,,,
Buenos Aires,229,"4,620","3,470",78,1/3/18,1/1/18,
Bahia Blanca & Mar del Plata,178,"3,590","2,700",75,1/3/18,1/1/18,
Bariloche (Edelweiss),222,"4,470","3,370",78,1/3/18,1/1/18,1
Comodoro Rivadavia,151,"3,040","2,280",71,1/3/18,1/1/18,
Cordoba,131,"2,640","1,980",72,1/3/18,1/1/18,
Formosa,162,"3,270","2,460",62,1/3/18,1/1/18,
La Rioja,124,"2,500","1,870",76,1/3/18,1/1/18,
Mendoza,175,"3,530","2,640",75,1/3/18,1/1/18,
Neuquen,182,"3,670","2,760",76,1/3/18,1/1/18,
Resistencia & Rio Gallegos,143,"2,880","2,160",73,1/3/18,1/1/18,
Salta,156,"3,140","2,360",75,1/3/18,1/1/18,
San Juan & San Salvador de Jujuy,139,"2,800","2,100",72,1/3/18,1/1/18,
Ushuaia,200,"4,030","3,020",72,1/3/18,1/1/18,
Elsewhere,108,"2,180","1,630",69,1/3/18,1/1/18,
Armenia (Armenian Dram),,,,,,,
Yerevan,158,"76,100","57,100",58,1/3/18,1/12/17,
Elsewhere,127,"61,000","45,800",59,1/3/18,1/12/17,
Aruba (N.A. Gulder),,,,,,,
All Areas (15 Apr. - 15 Dec.),295,530,396,55,1/9/17,1/6/17,
All Areas (16 Dec. - 14 Apr.),396,710,530,63,1/9/17,1/6/17,
Australia (AUL Dollar),,,,,,,
"Canberra, Melbourne & Sydney",354,453,340,58,1/3/18,1/2/17,
Elsewhere,238,304,228,58,1/3/18,1/2/17,
Austria (Euro),,,,,,,
All Areas,301,245,184,44,1/3/18,1/9/17,
Azerbaijan ((new)Azerbaijan Manat),,,,,,,
Baku,179,304,228,62,1/3/18,1/9/17,
Baku (Four Seasons),332,560,423,61,1/3/18,1/9/17,1
Baku (JV Absheron Marriott),256,435,326,65,1/3/18,1/9/17,1
Tabriz (Nakhichevan),121,205,155,63,1/3/18,1/9/17,1
Elsewhere,92,156,117,59,1/3/18,1/9/17,
Bahamas (Bahamian Dollar),,,,,,,
All Areas (20 Dec.-20 Apr.),447,447,335,60,1/3/16,1/3/16,
All Areas (21 Apr.-19 Dec.),434,434,326,59,1/3/16,1/3/16,
Bahrain (Bahraini Dinar),,,,,,,
Manama,316,119,89,57,1/2/18,1/11/16,
Manama (Movenpick),382,144,108,59,1/2/18,1/11/16,1
Bangladesh (Bangladesh Taka),,,,,,,
Dhaka,139,"11,600","8,670",66,1/3/18,1/6/17,
"Dhaka (Amari, Lake Shore, PanPacific Sonargaon)",304,"25,300","19,000",65,1/3/18,1/6/17,1
"Dhaka (Le Meridien, Sarina, SixSeasons)",278,"23,200","17,400",67,1/3/18,1/6/17,1
Dhaka (Longbeach Suites),195,"16,300","12,200",64,1/3/18,1/6/17,1
"Dhaka (Radisson Water Garden, Westin)",339,"28,300","21,200",65,1/3/18,1/6/17,1
Chittagong,67,"5,580","4,170",58,1/3/18,1/6/17,
Chittagong (Agrabad and Peninsula),109,"9,080","6,830",62,1/3/18,1/6/17,1
Chittagong (Radisson Blu),175,"14,600","10,900",59,1/3/18,1/6/17,1
Cox's Bazaar,81,"6,750","5,080",55,1/3/18,1/6/17,
"Cox's Bazaar (Ocean Paradise, Royal Tulip Sea Pearl, Sayeman)",97,"8,080","6,080",60,1/3/18,1/6/17,1
"Sylhet (Grand Sultan, The Palace)",202,"16,800","12,700",66,1/3/18,1/6/17,1
Sylhet (Nazimgarh Resort),138,"11,500","8,670",71,1/3/18,1/6/17,1
Elsewhere,68,"5,670","5,670",58,1/3/18,1/6/17,
Barbados (Barbados Dollar),,,,,,,
All Areas (16 Apr. - 15 Dec.),425,850,640,52,1/10/17,1/10/17,
All Areas (16 Dec. - 15 Apr.),475,950,710,62,1/10/17,1/10/17,
Belarus (New Belarusian Ruble),,,,,,,
Minsk,249,486,365,51,1/3/18,1/2/18,
Brest,189,369,277,59,1/3/18,1/2/18,
Homiel,148,289,217,53,1/3/18,1/2/18,
Hrodna (Non-residents),195,381,285,58,1/3/18,1/2/18,
Hrodna (Residents),185,361,271,56,1/3/18,1/2/18,
Mahiliou,131,256,191,46,1/3/18,1/2/18,
Viciebsk,118,230,174,50,1/3/18,1/2/18,
Elsewhere,92,180,135,46,1/3/18,1/2/18,
Belgium (Euro),,,,,,,
All Areas,387,315,236,58,1/3/18,1/12/17,
Belize (Belize Dollar),,,,,,,
Belize City,214,427,320,60,1/4/17,1/4/17,
"Placencia (Laru Beya Resort) 1 Dec-31 Jan",410,820,620,66,1/4/17,1/4/17,1
"Placencia (Laru Beya Resort) 1 Jun -30 Nov",310,620,465,59,1/4/17,1/4/17,1
Placencia (Laru Beya Resort) 1-31 May,330,660,495,60,1/4/17,1/4/17,1
Placencia (Roberts Grove) 1 Dec-31 Jan,410,820,620,66,1/4/17,1/4/17,1
Placencia (Roberts Grove) 1 Feb - 30 Apr,415,830,620,57,1/4/17,1/3/17,1
Placencia (Roberts Grove) 1 Jun - 30 Nov,310,620,465,59,1/4/17,1/4/17,1
Placencia (Roberts Grove) 1-31 May,330,660,495,60,1/4/17,1/4/17,1
San Pedro (The Villas at Banyan Bay) 1 January - 30 April,530,"1,060",800,63,1/4/17,1/4/17,1
San Pedro (The Villas at Banyan Bay) 1 May - 31 December,455,910,680,58,1/4/17,1/4/17,1
Elsewhere,219,438,329,53,1/4/17,1/4/17,
Benin (CFA Franc(XOF)),,,,,,,
Cotonou,221,"118,000","88,500",53,1/3/18,1/10/17,
Cotonou (Golden Tulip de Diplomate),340,"182,000","137,000",69,1/3/18,1/10/17,1
Cotonou (La Maison Rouge),292,"156,000","117,000",62,1/3/18,1/10/17,1
Grand Popo,149,"79,500","59,600",39,1/3/18,1/10/17,
Lokossa,127,"68,100","51,100",42,1/3/18,1/10/17,
Malanville,111,"59,500","44,600",49,1/3/18,1/10/17,
Ouidah (Casa Del Papa),194,"104,000","78,000",48,1/3/18,1/10/17,1
Parakou,120,"64,200","48,200",43,1/3/18,1/10/17,
Porto Novo,143,"76,300","57,200",47,1/3/18,1/10/17,
Porto Novo (Les Ambassadeurs),209,"112,000","84,000",54,1/3/18,1/10/17,1
Possotome,164,"87,700","65,800",48,1/3/18,1/10/17,
Elsewhere,107,"57,000","42,800",43,1/3/18,1/10/17,
Bermuda (Bermuda Dollar),,,,,,,
All Areas (1 Dec. - 14 Mar.),459,459,344,72,1/4/10,1/4/10,
All Areas (15 Mar. - 30 Nov.),510,510,383,72,1/4/10,1/4/10,
Bhutan (Bhutan Ngultrum),,,,,,,
Thimphu,126,"8,200","6,150",64,1/3/18,1/2/18,
Thimphu (Le Meridien),297,"19,300","14,500",74,1/3/18,1/2/18,1
Thimphu (Taj Tashi),453,"29,400","22,100",55,1/3/18,1/2/18,1
Paro,96,"6,230","4,670",62,1/3/18,1/2/18,
Phuentsholing,90,"5,810","4,360",61,1/3/18,1/2/18,
Elsewhere,95,"6,190","4,640",61,1/3/18,1/2/18,
Bolivia (Boliviano),,,,,,,
La Paz,165,"1,140",860,62,1/3/18,1/7/17,
Cochabamba,110,760,570,61,1/3/18,1/7/17,
Santa Cruz,171,"1,180",890,52,1/3/18,1/7/17,
Elsewhere,87,600,450,54,1/3/18,1/7/17,
Bosnia and Herzegovina (Convertible Mark),,,,,,,
Sarajevo,124,198,148,55,1/3/18,1/8/17,
Banja Luka,110,175,132,47,1/3/18,1/8/17,
Mostar,120,191,144,43,1/3/18,1/8/17,
"Sarajevo (Bristol, Central, Europe, Marriott Courtyard)",155,247,185,67,1/3/18,1/8/17,1
Travnik,85,136,102,56,1/3/18,1/8/17,
Elsewhere,90,144,108,55,1/3/18,1/8/17,
Botswana (Botswana Pula),,,,,,,
Gaborone,302,"2,860","2,150",70,1/3/18,1/3/17,
"Francistown (Marang, Thapama Lodge)",226,"2,140","1,610",72,1/3/18,1/3/17,1
Kasane,287,"2,720","2,040",63,1/3/18,1/2/16,
"Kasane (Chobe Marina Lodge, Chobe Safari Lodge, Mowana Lodge)
Resident",243,"2,300","1,730",65,1/3/18,1/3/17,1
Mahalapye,181,"1,720","1,290",69,1/3/18,1/3/17,
Maun,214,"2,030","1,520",58,1/3/18,1/3/17,
Nata,170,"1,610","1,210",60,1/3/18,1/3/17,
Palapye,209,"1,980","1,490",66,1/3/18,1/3/17,
Selebi-Phikwe,183,"1,730","1,300",61,1/3/18,1/3/17,
Shakawe,281,"2,660","2,000",65,1/3/18,1/3/17,
Elsewhere,146,"1,380","1,040",63,1/3/18,1/3/17,
Brazil (Brazilian Real),,,,,,,
Brasilia,198,640,480,63,1/3/18,1/4/17,
Campinas,170,550,413,62,1/3/18,1/4/17,
Curitiba,150,486,365,62,1/3/18,1/4/17,
Fortaleza,143,464,348,61,1/3/18,1/4/17,
Palmas,143,462,347,66,1/3/18,1/12/15,
Porto Allegre,164,530,398,60,1/3/18,1/4/17,
Recife,154,500,375,59,1/3/18,1/4/17,
Rio De Janeiro,210,680,510,63,1/3/18,1/4/17,
Sao Paulo,182,590,443,65,1/3/18,1/4/17,
Elsewhere,131,423,317,58,1/3/18,1/4/17,
British Virgin Islands (US Dollar),,,,,,,
All Areas (15 Dec. - 15 Apr.),464,464,348,70,1/10/17,1/10/17,
All Areas (16 Apr. -14 Dec.),422,422,317,69,1/10/17,1/10/17,
Brunei (Brunei Dollar),,,,,,,
All Areas,187,247,185,66,1/3/18,1/7/15,
Bulgaria (New Lev),,,,,,,
Sofia,216,345,258,66,1/3/18,1/12/17,
"Sofia (Hilton, Arena di Serdika)",262,418,314,70,1/3/18,1/12/17,1
"Burgas, Plovdiv, Stara Zagora, Varna",104,166,124,56,1/3/18,1/12/17,
Elsewhere,78,124,94,52,1/3/18,1/12/17,
Burkina Faso (CFA Franc(XOF)),,,,,,,
Ouagadougou,280,"150,000","113,000",62,1/3/18,1/3/17,
Ouagadougou (Laico Ouaga 2000),415,"222,000","167,000",59,1/3/18,1/3/17,1
Bobo-Dioulasso,135,"72,200","54,200",49,1/3/18,1/3/17,
Elsewhere,108,"57,900","43,400",43,1/3/18,1/3/17,
Burundi (Burundi Franc),,,,,,,
Bujumbura,235,"413,000","309,000",58,1/3/18,1/8/17,
Gitega and Ngozi,94,"165,000","125,000",28,1/3/18,1/8/17,
Rumonge,221,"388,000","292,000",50,1/3/18,1/8/17,
Elsewhere,61,"107,000","80,900",27,1/3/18,1/8/17,
Cambodia (Cambodian Riel),,,,,,,
Phnom Penh,146,"585,000","441,000",57,1/3/18,1/9/17,
Phnom Penh (Himawari),292,"1,171,000","878,000",70,1/3/18,1/9/17,1
"Phnom Penh (Intercontinental, Raffles Le Royal, Sofitel Phnom Penh Phokeethra)",303,"1,215,000","910,000",66,1/3/18,1/9/17,1
Phnom Penh (Sokha Phnom Penh),228,"914,000","686,000",66,1/3/18,1/9/17,1
Siem Reap,132,"529,000","397,000",62,1/3/18,1/9/17,
Siem Reap (Sofitel Phokeethra Royal Angkor),348,"1,395,000","1,046,000",67,1/3/18,1/9/17,1
"Siem Reap (Sokha, Victoria Angkor)",189,"758,000","569,000",63,1/3/18,1/9/17,1
Sihanoukville,116,"465,000","349,000",37,1/3/18,1/9/17,
"Sihanoukville (Independence, Palm Palace)",135,"541,000","405,000",50,1/3/18,1/9/17,1
Sihanoukville (Sokha Beach),233,"934,000","702,000",55,1/3/18,1/9/17,1
Elsewhere,57,"229,000","172,000",46,1/3/18,1/9/17,
Cameroon (CFA Franc(XAF)),,,,,,,
Yaounde,226,"121,000","90,800",53,1/3/18,1/5/17,
Yaounde (Hotel Hilton),366,"196,000","147,000",54,1/3/18,1/5/17,1
Douala,193,"103,000","77,300",55,1/3/18,1/5/17,
Elsewhere,127,"68,100","51,100",53,1/3/18,1/5/17,
Canada (Canadian Dollar),,,,,,,
Ottawa,351,447,335,59,1/3/18,1/8/17,
Calgary,251,320,240,60,1/3/18,1/8/17,
Halifax,266,338,254,58,1/3/18,1/8/17,
Montreal,278,354,266,63,1/3/18,1/8/17,
Toronto,350,445,334,66,1/3/18,1/8/17,
Vancouver,289,368,276,59,1/3/18,1/8/17,
Elsewhere,214,273,205,56,1/3/18,1/8/17,
Canary Islands (Euro),,,,,,,
All Areas,209,170,128,57,1/3/18,1/8/17,
Cape Verde (CV Escudo),,,,,,,
Praia,197,"17,700","13,300",48,1/3/18,1/5/17,
Boa Vista Island,239,"21,500","16,100",61,1/3/18,1/5/17,
Mindelo,185,"16,600","12,500",50,1/3/18,1/5/17,
Santa Maria (Sal),266,"23,900","17,900",61,1/3/18,1/5/17,
Elsewhere,141,"12,700","9,530",38,1/3/18,1/5/17,
Cayman Islands (CaymanI. Dollar),,,,,,,
All Areas (1 Dec. - 30 Apr.),388,318,239,77,1/8/12,1/7/12,
All Areas (1 May - 30 Nov.),307,252,189,74,1/8/12,1/7/12,
Central African Rep. (CFA Franc(XAF)),,,,,,,
Bangui,213,"114,000","85,500",47,1/3/18,1/2/18,
Bangui (Ledger Plaza),340,"182,000","137,000",63,1/3/18,1/2/18,1
Boali,119,"63,400","47,600",47,1/3/18,1/2/18,
Elsewhere,95,"50,600","38,000",59,1/3/18,1/2/18,
Chad (CFA Franc(XAF)),,,,,,,
N'djamena,178,"95,400","71,600",59,1/3/18,1/2/18,
"N'Djaména (Hilton, La Residence, Radisson Blu)",284,"152,000","114,000",58,1/3/18,1/2/18,1
Elsewhere,133,"71,300","53,500",49,1/3/18,1/2/18,
Chile (Chilean Peso),,,,,,,
Santiago,323,"190,000","143,000",58,1/3/18,1/5/17,
Elsewhere,239,"141,000","106,000",58,1/3/18,1/5/17,
China (Renminbi),,,,,,,
Beijing,230,"1,450","1,090",55,1/3/18,1/9/16,
Changsha,168,"1,060",800,55,1/3/18,1/9/16,
Chengdu,218,"1,380","1,040",57,1/3/18,1/9/16,
Dalian,199,"1,260",940,49,1/3/18,1/9/16,
Fuzhou,222,"1,400","1,050",53,1/3/18,1/9/16,
Guangzhou,220,"1,390","1,040",54,1/3/18,1/9/16,
Haikou,245,"1,550","1,160",53,1/3/18,1/9/16,
Hangzhou,215,"1,360","1,020",58,1/3/18,1/9/16,
Jinan,172,"1,090",810,53,1/3/18,1/9/16,
Kunming,229,"1,450","1,090",61,1/3/18,1/9/16,
Lhasa,219,"1,380","1,040",62,1/3/18,1/9/16,
Nanjing,163,"1,030",770,49,1/3/18,1/9/16,
Nanning,180,"1,140",850,60,1/3/18,1/9/16,
Quingdao,208,"1,310",990,62,1/3/18,1/9/16,
Sanya,198,"1,250",940,54,1/3/18,1/9/16,
Shanghai,239,"1,510","1,130",61,1/3/18,1/9/16,
Shenyang,193,"1,220",920,52,1/3/18,1/9/16,
Shenzhen,220,"1,390","1,040",62,1/3/18,1/9/16,
Suzhou,184,"1,160",870,57,1/3/18,1/9/16,
Tianjin,186,"1,170",880,51,1/3/18,1/9/16,
Wu Han,170,"1,070",810,54,1/3/18,1/9/16,
Xi'An,203,"1,280",960,55,1/3/18,1/9/16,
Xiamen,182,"1,150",870,49,1/3/18,1/9/16,
Elsewhere,143,900,680,54,1/3/18,1/9/16,
"China, Hong Kong (Hong Kong Dollar)",,,,,,,
Hong Kong (SAR),372,"2,910","2,180",61,1/3/18,1/9/16,
"China, Macau (Pataca)",,,,,,,
Macau (SAR),241,"1,940","1,460",62,1/3/18,1/9/16,
Colombia (Colombian Peso),,,,,,,
Bogota,158,"451,000","338,000",77,1/3/18,1/7/17,
Barranquilla,118,"336,000","252,000",68,1/3/18,1/7/17,
Bucaramanga,122,"347,000","260,000",72,1/3/18,1/7/17,
Buenaventura,107,"304,000","228,000",72,1/3/18,1/7/17,
Cali,136,"388,000","291,000",72,1/3/18,1/7/17,
Cartagena,156,"445,000","334,000",75,1/3/18,1/7/17,
Cucuta,114,"325,000","244,000",74,1/3/18,1/7/17,
Medellin,145,"412,000","309,000",66,1/3/18,1/7/17,
Monteria,81,"232,000","174,000",69,1/3/18,1/7/17,
Neiva,92,"263,000","197,000",69,1/3/18,1/7/17,
Paipa,132,"377,000","283,000",70,1/3/18,1/7/17,
Riohacha,97,"276,000","207,000",71,1/3/18,1/7/17,
San Andres,140,"399,000","299,000",73,1/3/18,1/7/17,
Santa Marta,123,"351,000","263,000",70,1/3/18,1/7/17,
Villa de Leyva,128,"364,000","273,000",70,1/3/18,1/7/17,
Villavicencio,86,"245,000","184,000",68,1/3/18,1/7/17,
Elsewhere,89,"254,000","191,000",72,1/3/18,1/7/17,
Comoros (Comoros Franc),,,,,,,
Moroni,237,"95,200","71,400",55,1/3/18,1/7/17,
Elsewhere,143,"57,400","43,100",52,1/3/18,1/7/17,
Congo (CFA Franc(XAF)),,,,,,,
Brazzaville,284,"152,000","114,000",62,1/3/18,1/4/17,
"Brazzaville (Hotel Ledger, Olympic Palace, Radisson Blu)",477,"255,000","191,000",63,1/3/18,1/4/17,1
Dolisie,239,"128,000","96,000",59,1/3/18,1/4/17,
Ollombo (Alima Palace),520,"276,000","207,000",58,1/3/18,1/4/17,1
Owando,176,"94,300","70,700",52,1/3/18,1/4/17,
Pointe-Noire,344,"184,000","138,000",70,1/3/18,1/4/17,
Elsewhere,150,"80,400","60,300",53,1/3/18,1/4/17,
"Congo, Dem. Rep. (Franc Congolais)",,,,,,,
Kinshasa,283,"457,000","343,000",62,1/3/18,1/2/17,
"Kinshasa (Fleueve Congo, Pullman Grand, Memling)",410,"663,000","498,000",62,1/3/18,1/2/17,1
Bandundu,144,"233,000","175,000",56,1/3/18,1/11/16,
Boma,166,"268,000","202,000",57,1/3/18,1/2/17,
Bukavu,205,"331,000","249,000",57,1/3/18,1/8/16,
Bunia,150,"242,000","183,000",65,1/3/18,1/8/16,
Goma,205,"331,000","249,000",61,1/3/18,1/8/16,
Kananga,154,"249,000","187,000",68,1/3/18,1/8/16,
Kindu,178,"288,000","217,000",56,1/3/18,1/8/16,
Kisangani,161,"260,000","196,000",55,1/3/18,1/11/16,
Lubumbashi,214,"346,000","260,000",58,1/3/18,1/11/16,
Matadi,183,"296,000","221,000",57,1/3/18,1/2/17,
Mbandaka,150,"242,000","183,000",53,1/3/18,1/11/16,
Mbuji-Mayi,158,"255,000","192,000",59,1/3/18,1/8/16,
Zongo (Seli Safari Zongo),253,"409,000","307,000",59,1/3/18,1/4/15,1
Elsewhere,141,"228,000","171,000",58,1/3/18,1/4/15,
Cook Islands (NZE Dollar),,,,,,,
Rarotonga,314,432,325,61,1/3/18,1/11/16,
Elsewhere,251,346,259,55,1/3/18,1/11/16,
Costa Rica (COS Colon),,,,,,,
San Jose,212,"121,000","90,600",56,1/3/18,1/8/17,
Guanacaste,238,"136,000","102,000",59,1/3/18,1/8/17,
Limon,220,"125,000","94,000",57,1/3/18,1/8/17,
Puntarenas,245,"140,000","105,000",66,1/3/18,1/8/17,
Elsewhere,169,"96,300","72,400",59,1/3/18,1/8/17,
Cote d Ivoire (CFA Franc(XOF)),,,,,,,
Abidjan,200,"107,000","80,300",52,1/3/18,1/12/16,
Abidjan (Azalai),318,"170,000","128,000",66,1/3/18,1/5/17,1
"Abidjan (Novotel, Pullman, Tiama)",348,"186,000","140,000",58,1/3/18,1/12/16,1
Abidjan (Radisson Blu),500,"268,000","201,000",63,1/3/18,1/12/16,1
Abidjan (Sofitel Hotel Ivoire),430,"230,000","173,000",52,1/3/18,1/12/16,1
Assinie,213,"114,000","85,500",57,1/3/18,1/12/16,
Assinie (Coucoue Lodge),376,"201,000","151,000",37,1/3/18,1/12/16,1
Grand Bassam,139,"74,400","55,800",50,1/3/18,1/12/16,
Grand Bassam (Afrikaland),280,"150,000","113,000",60,1/3/18,1/12/16,1
San Pedro (Sophia),165,"88,400","66,300",46,1/3/18,1/5/17,1
Yamoussokro (HP Resort),183,"98,000","73,500",59,1/3/18,1/5/17,1
Yamoussokro (President),224,"120,000","90,000",50,1/3/18,1/12/16,1
Elsewhere,101,"54,200","40,700",47,1/3/18,1/5/17,
"Croatia, Republic of (Kuna)",,,,,,,
Zagreb,175,"1,060",800,56,1/3/18,1/6/17,
"Zagreb (Esplanade, Sheraton, Westin)",302,"1,830","1,380",49,1/3/18,1/6/17,1
Brijuni,215,"1,310",980,60,1/3/18,1/6/17,
Dubrovnik,244,"1,480","1,110",61,1/3/18,1/6/17,
Opatija,204,"1,240",930,58,1/3/18,1/6/17,
Split,230,"1,400","1,050",63,1/3/18,1/6/17,
Zadar,226,"1,370","1,030",63,1/3/18,1/6/17,
Elsewhere,139,840,630,61,1/3/18,1/6/17,
Cuba (Cuban Peso),,,,,,,3
Havana,269,266,266,72,1/3/17,1/3/17,
Cienfuegos,163,161,121,68,1/3/17,1/3/17,
Santiago De Cuba,180,178,178,67,1/3/17,1/3/17,
Varadero,209,207,207,87,1/3/17,1/3/17,7
Elsewhere,141,140,140,66,1/3/17,1/3/17,
Curacao (N.A. Gulder),,,,,,,
All Areas (15 April - 15 December),288,520,387,55,1/9/17,1/6/17,
All Areas (16 December - 14 April),322,580,433,58,1/9/17,1/6/17,
Cyprus (Euro),,,,,,,
Nicosia,207,169,127,51,1/3/18,1/6/17,
Elsewhere,211,172,129,61,1/3/18,1/6/17,
Czech Republic (Czech Koruna),,,,,,,
Prague,258,"5,340","4,020",63,1/3/18,1/4/17,
Brno,210,"4,350","3,270",71,1/3/18,1/4/17,
Cesky Krumlov,222,"4,600","3,460",70,1/3/18,1/4/17,
Karlovy Vary,243,"5,030","3,770",62,1/3/18,1/4/17,
Olomouc,99,"2,050","1,530",68,1/3/18,1/4/17,
Ostrava,151,"3,130","2,340",62,1/3/18,1/4/17,
Elsewhere,76,"1,570","1,180",65,1/3/18,1/4/17,
Denmark (Danish Krone),,,,,,,
All Areas,407,"2,470","1,850",45,1/3/18,1/8/16,
Djibouti (Djibouti Francs),,,,,,,
Djibouti,187,"33,100","24,800",54,1/4/17,1/7/16,
Djibouti (Bavaria Les Acacias),277,"49,000","36,800",60,1/4/17,1/7/16,1
Djibouti (Djibouti Palace Kempinski),398,"70,500","52,900",67,1/4/17,1/7/16,1
Djibouti (Sheraton),294,"52,000","39,000",62,1/4/17,1/7/16,1
Tadjourah,124,"21,900","16,400",53,1/4/17,1/7/16,
Elsewhere,115,"20,400","15,300",56,1/4/17,1/7/16,
Dominica (E.C. Dollar),,,,,,,
All Areas,393,"1,060",800,55,1/10/17,1/10/17,
Dominican Republic (Dominican Peso),,,,,,,
Santo Domingo,253,"12,500","9,360",60,1/3/18,1/12/17,
Barahona,99,"4,880","3,650",73,1/3/18,1/12/17,
Barahona (Casa Bonita Tropical Lodge),425,"20,900","15,700",60,1/3/18,1/12/17,1
Bavaro/Punta Cana,307,"15,100","11,300",87,1/3/18,1/12/17,
Bayanhibe,217,"10,700","8,030",87,1/3/18,1/12/17,7
Boca Chica (formerly East Santo Domingo),128,"6,310","4,730",86,1/3/18,1/12/17,7
Constanza,85,"4,190","3,150",69,1/3/18,1/12/17,
Jarabacoa,86,"4,240","3,200",73,1/3/18,1/12/17,
Juan Dolio,154,"7,590","5,710",87,1/3/18,1/12/17,7
La Romana,163,"8,030","6,010",87,1/3/18,1/12/17,7
La Romana (Gran Bahia),310,"15,300","11,500",87,1/3/18,1/12/17,"1,7"
Montecristi,201,"9,900","7,440",69,1/3/18,1/12/17,
Puerto Plata,178,"8,770","6,600",87,1/3/18,1/12/17,7
Samana,204,"10,100","7,540",87,1/3/18,1/12/17,7
Santiago,209,"10,300","7,730",77,1/3/18,1/12/17,
Elsewhere,63,"3,100","2,320",64,1/3/18,1/12/17,
Ecuador (US Dollar),,,,,,,
Quito,177,177,133,56,1/1/18,1/1/18,
Quito (JW Marriott),217,217,163,58,1/1/18,1/1/18,1
Cuenca,172,172,129,51,1/1/18,1/1/18,
Galapagos,225,225,169,55,1/1/18,1/1/18,
Galapagos (Red Mangrove),500,500,375,68,1/1/18,1/1/18,1
Guayaquil,244,244,183,61,1/1/18,1/1/18,
Manta,205,205,154,54,1/1/18,1/1/18,
Santo Domingo,179,179,134,50,1/1/18,1/1/18,
Elsewhere,132,132,99,51,1/1/18,1/1/18,
Egypt (Egyptian Pound),,,,,,,
Cairo,278,"4,900","3,680",58,1/3/18,1/7/17,
Alexandria,228,"4,020","3,010",68,1/3/18,1/7/17,
Aswan and Luxor,275,"4,840","3,630",52,1/3/18,1/7/17,
Ismailia,185,"3,260","2,450",73,1/3/18,1/7/17,
Sahl Hasheesh (Baron Palace),204,"3,590","2,690",87,1/3/18,1/7/17,"1,7"
Sharm El Sheikh,207,"3,650","2,730",51,1/3/18,1/7/17,
Elsewhere,162,"2,850","2,150",49,1/3/18,1/7/17,
El Salvador (US Dollar),,,,,,,
San Salvador,250,250,188,61,1/5/17,1/5/17,
Elsewhere,125,125,94,51,1/5/17,1/5/17,
Equatorial Guinea (CFA Franc(XAF)),,,,,,,
Malabo,247,"132,000","99,000",67,1/3/18,1/8/17,
Malabo (Hilton),550,"295,000","221,000",73,1/3/18,1/8/17,1
"Malabo (Sofitel President, Tres de Agosto)",368,"197,000","148,000",64,1/3/18,1/8/17,1
Malabo (Sofitel Sipopo),500,"268,000","201,000",68,1/3/18,1/8/17,1
Bata,236,"126,000","94,500",59,1/3/18,1/8/17,
Mongomo,294,"157,000","118,000",64,1/3/18,1/8/17,
Elsewhere,116,"62,200","46,700",54,1/3/18,1/8/17,
Eritrea (Nafka),,,,,,,
Asmara,215,"3,230","2,420",32,1/10/17,1/10/17,
Assab,130,"1,950","1,460",17,1/10/17,1/10/17,
Keren,165,"2,480","1,860",25,1/10/17,1/10/17,
Massawa,219,"3,280","2,460",29,1/10/17,1/10/17,
Tessenei,125,"1,870","1,400",36,1/10/17,1/10/17,
Elsewhere,93,"1,390","1,390",28,1/10/17,1/10/17,
Estonia (Euro),,,,,,,
Tallinn,321,262,197,49,1/3/18,1/2/18,
Elsewhere,277,226,170,47,1/3/18,1/2/18,
Ethiopia (Ethiopian Birr),,,,,,,
Addis Ababa,198,"5,440","4,090",56,1/3/18,1/7/17,
Addis Ababa (Hilton),386,"10,600","7,970",64,1/3/18,1/7/17,1
"Addis Ababa (Marriott Executive Apartments, Radisson Blu)",297,"8,160","6,130",56,1/3/18,1/7/17,1
Addis Ababa (Sheraton),499,"13,700","10,300",65,1/3/18,1/7/17,1
Awassa (Haile Resort),231,"6,350","4,750",74,1/3/18,1/12/14,1
Bahir Dar & Debrezeit (Kuriftu),214,"5,880","4,420",74,1/3/18,1/12/14,1
Mekele (Planet),221,"6,070","4,560",78,1/3/18,1/12/14,1
Elsewhere,83,"2,280","1,700",60,1/3/18,1/12/14,
Elsewhere (Resident),50,"1,370","1,040",52,1/3/18,1/12/12,
Fiji (Fiji Dollar),,,,,,,
Suva,258,510,383,58,1/2/18,1/2/18,
Suva (Grand Pacific Hotel),520,"1,020",770,69,1/2/18,1/2/18,1
Coral Coast,313,620,465,59,1/2/18,1/2/18,
Denarau (Hilton),580,"1,150",860,69,1/2/18,1/2/18,1
"Denarau (Radisson, Sheraton, Sofitel, Westin)",424,840,630,57,1/2/18,1/2/18,1
Nadi,185,366,275,53,1/2/18,1/2/18,
Pacific Harbour,235,466,350,62,1/2/18,1/2/18,
Elsewhere,149,295,221,57,1/2/18,1/2/18,
Finland (Euro),,,,,,,
Helsinki,351,286,215,56,1/3/18,1/7/17,
Elsewhere,308,251,188,52,1/3/18,1/7/17,
France (Euro),,,,,,,
Paris,401,327,245,52,1/3/18,1/6/17,
Elsewhere,342,279,209,53,1/3/18,1/12/17,
Gabon (CFA Franc(XAF)),,,,,,,
Libreville,365,"195,000","146,000",53,1/3/18,1/5/17,
"Libreville (Le Cristal, Royal Palm)",600,"319,000","239,000",61,1/3/18,1/5/17,1
Libreville (Park Inn by Radisson),480,"257,000","193,000",59,1/3/18,1/5/17,1
Libreville (Radisson Blu Okoume Palace),710,"379,000","284,000",68,1/3/18,1/5/17,1
Francesville,158,"84,500","63,400",50,1/3/18,1/5/17,
Lambarene,181,"96,900","72,700",50,1/3/18,1/5/17,
Oyem,162,"86,800","65,100",60,1/3/18,1/5/17,
Port Gentil,366,"196,000","147,000",64,1/3/18,1/5/17,
Elsewhere,125,"67,100","50,300",47,1/3/18,1/8/15,
Gambia (Gambian Dalasi),,,,,,,
Banjul,194,"9,230","6,940",65,1/3/18,1/7/17,
Banjul (Kairaba Beach),242,"11,500","8,660",67,1/3/18,1/7/17,1
Tendaba,66,"3,140","2,380",54,1/3/18,1/7/17,
Elsewhere,42,"2,000","1,520",40,1/3/18,1/7/17,
"Georgia, Republic of (Georgian Lari)",,,,,,,
Tbilisi,181,447,336,56,1/3/18,1/8/17,
Tbilisi (Radisson),296,730,550,68,1/3/18,1/8/17,1
Tbilisi (Tbilisi Marriott),236,580,437,72,1/3/18,1/8/17,1
Batumi,185,457,343,61,1/3/18,1/8/17,
"Batumi (Radisson Blu, Sheraton) July-August",210,520,390,67,1/3/18,1/8/17,1
Kobuleti (Georgia Palace) Jun-Sep,213,530,395,66,1/3/18,1/8/17,1
Elsewhere,142,351,264,63,1/3/18,1/8/17,
Germany (Euro),,,,,,,
Berlin,346,282,212,51,1/3/18,1/12/17,
Bonn,293,239,179,52,1/3/18,1/12/17,
Hamburg,326,266,200,57,1/3/18,1/12/17,
Munich,319,260,195,61,1/3/18,1/12/17,
Elsewhere,280,228,171,55,1/3/18,1/12/17,
Ghana (New Cedi),,,,,,,
Accra,398,"1,780","1,340",60,1/3/18,1/1/17,
Accra (Best  Western Premier),475,"2,120","1,590",66,1/3/18,1/1/17,1
Aburi (Peduase Valley Resort),403,"1,800","1,350",55,1/3/18,1/1/17,1
Akosombo,357,"1,600","1,200",50,1/3/18,1/1/17,
Elmina,388,"1,740","1,300",76,1/3/18,1/1/17,
Ho (Volta Serene),309,"1,380","1,040",58,1/3/18,1/1/17,1
Kumasi (Golden Tulip),360,"1,610","1,210",64,1/3/18,1/1/17,1
Takoradi,282,"1,260",950,59,1/3/18,1/1/17,
"Takoradi (Planters Lodge, Protea)",294,"1,310",990,51,1/3/18,1/1/17,1
Tamale,311,"1,390","1,040",66,1/3/18,1/1/17,
Elsewhere,260,"1,160",870,58,1/3/18,1/1/17,
Gibraltar (Gibraltar Pound),,,,,,,
All Areas,357,216,162,72,1/12/17,1/12/17,
Greece (Euro),,,,,,,
Athens,310,253,190,57,1/3/18,1/11/17,
Thessaloniki,172,140,105,56,1/3/18,1/11/17,
Elsewhere,163,133,100,54,1/3/18,1/11/17,
Grenada (E.C. Dollar),,,,,,,
All Areas (15 Dec.-15 Apr.),344,930,700,61,1/10/17,1/10/17,
All Areas (16 Apr.-14 Dec.),322,870,650,60,1/10/17,1/10/17,
Guam (US Dollar),,,,,,,
All Areas,307,307,230,61,1/12/17,1/12/17,
Guatemala (Quetzal(es)),,,,,,,
Guatemala City,185,"1,360","1,020",49,1/3/18,1/1/17,
"Guatemala City (Real Intercontinental, Westin Camino Real, Loftell Fontabella)",293,"2,160","1,620",58,1/3/18,1/1/17,1
Antigua,213,"1,570","1,180",57,1/3/18,1/1/17,
Antigua (Finca Filadelfia),282,"2,080","1,560",63,1/3/18,1/11/15,1
Antigua (La Reunion),338,"2,490","1,870",58,1/3/18,1/1/17,1
Chichicastenango,162,"1,190",900,64,1/3/18,1/1/17,7
Panajachel,165,"1,220",910,56,1/3/18,1/1/17,
Panajachel (Hotel Atitlan),248,"1,830","1,370",61,1/3/18,1/1/17,1
Elsewhere,81,600,450,55,1/3/18,1/6/17,
Guinea (Guinean Franc),,,,,,,
Conakry,240,"2,166,000","1,625,000",53,1/3/18,1/8/17,
Conakry (Noom),384,"3,466,000","2,599,000",62,1/3/18,1/8/17,1
Conakry (Palm Camayenne),415,"3,745,000","2,807,000",65,1/3/18,1/8/17,1
Conakry (Sheraton Grand),452,"4,079,000","3,059,000",66,1/3/18,1/8/17,1
Elsewhere,116,"1,047,000","785,000",47,1/3/18,1/8/17,
Guinea Bissau (CFA Franc(XOF)),,,,,,,
Bissau,175,"93,800","70,400",64,1/3/18,1/5/17,
Bissau (Ledger Plaza),297,"159,000","119,000",67,1/3/18,1/5/17,1
Bafata,115,"61,500","46,100",73,1/3/18,1/5/17,
Quinhamel,126,"67,300","50,500",52,1/3/18,1/5/17,
Elsewhere,79,"42,300","31,700",55,1/3/18,1/5/17,
Guyana (Guyana Dollar),,,,,,,
Georgetown,265,"54,900","41,200",63,1/3/18,1/6/17,
Georgetown (Pegasus Hotel),358,"74,100","55,700",68,1/3/18,1/6/17,1
Linden,139,"28,800","21,600",63,1/3/18,1/6/17,
New Amsterdam,135,"28,000","21,000",57,1/3/18,1/6/17,
Elsewhere,130,"27,000","20,300",46,1/3/18,1/6/17,
Haiti (Gourde),,,,,,,
Port-Au-Prince,221,"14,200","10,700",62,1/3/18,1/9/17,
Port-au-Prince (Karibe),265,"17,000","12,800",66,1/3/18,1/9/17,1
Port-au-Prince (Marriott),298,"19,200","14,400",70,1/3/18,1/9/17,1
Cap Haitien and Jacmel,181,"11,600","8,750",67,1/3/18,1/9/17,
Cote des Arcadins,210,"13,500","10,200",63,1/3/18,1/9/17,
Jeremie and Les Cayes,175,"11,300","8,420",58,1/3/18,1/9/17,
Port-de-Paix,140,"9,000","6,750",67,1/3/18,1/9/17,
Elsewhere,128,"8,230","6,170",69,1/3/18,1/9/17,
Honduras (Lempira),,,,,,,
Tegucigalpa,206,"4,860","3,660",61,1/3/18,1/7/16,
Copán,171,"4,030","3,020",63,1/3/18,1/7/16,
La Ceiba,137,"3,230","2,430",56,1/3/18,1/7/16,
Roatan,233,"5,500","4,130",87,1/3/18,1/7/16,
San Pedro Sula,189,"4,460","3,350",60,1/3/18,1/7/16,
Elsewhere,102,"2,410","1,820",59,1/3/18,1/7/16,
Hungary (Forint),,,,,,,
Budapest,288,"73,700","55,300",65,1/3/18,1/6/17,
Balaton,191,"48,900","36,600",69,1/3/18,1/6/17,
Visegrad,171,"43,800","32,800",61,1/3/18,1/6/17,
Elsewhere,130,"33,300","25,100",70,1/3/18,1/6/17,
Iceland (Iceland Krona),,,,,,,
All Areas (May - Sept),442,"44,600","33,500",63,1/3/18,1/8/16,
All Areas (Oct. - Apr.),346,"34,900","26,200",56,1/3/18,1/8/16,
India (Indian Rupee),,,,,,,
New Delhi (April - August),223,"14,500","10,900",51,1/3/18,1/11/17,
New Delhi (September - March),254,"16,500","12,400",56,1/3/18,1/11/17,
"New Delhi Special Hotels (April -August)",265,"17,200","12,900",59,1/3/18,1/11/17,"1,12"
"New Delhi Special Hotels (September- March)",313,"20,300","15,200",64,1/3/18,1/11/17,"1,12"
Agra,301,"19,500","14,600",71,1/3/18,1/11/17,
Bangalore,214,"13,900","10,400",66,1/3/18,1/11/17,
Bangalore (Special Hotels),273,"17,700","13,300",65,1/3/18,1/11/17,"1,19"
Calcutta,322,"20,900","15,700",66,1/3/18,1/11/17,
Chandigarh (The Lalit),321,"20,800","15,600",71,1/3/18,1/11/17,1
Chennai,199,"12,900","9,680",62,1/3/18,1/11/17,
Goa,202,"13,100","9,830",63,1/3/18,1/11/17,
Hyderabad,193,"12,500","9,380",57,1/3/18,1/11/17,
Hyderabad (ITC Kakatiya),237,"15,400","11,600",61,1/3/18,1/11/17,1
Jaipur,324,"21,000","15,800",68,1/3/18,1/11/17,
Mumbai,284,"18,400","13,800",58,1/3/18,1/11/17,
Mumbai (Special hotels),331,"21,500","16,100",63,1/3/18,1/11/17,"1,20"
Srinagar,350,"22,700","17,000",67,1/3/18,1/11/17,
Elsewhere,185,"12,000","9,000",61,1/3/18,1/11/17,
Indonesia (Rupiah),,,,,,,
Jakarta,207,"2,832,000","2,120,000",59,1/3/18,1/9/17,
"Jakarta (JW Marriott, Mandarin Oriental, Ritz Carlton)",313,"4,282,000","3,215,000",67,1/3/18,1/9/17,1
Jakarta (Shangri-la),417,"5,704,000","4,282,000",70,1/3/18,1/9/17,1
Jakarta (Westin),276,"3,775,000","2,832,000",65,1/3/18,1/9/17,1
Ambon,120,"1,641,000","1,231,000",50,1/3/18,1/9/17,
Balik Papan,110,"1,505,000","1,135,000",53,1/3/18,1/9/17,
Bandung,141,"1,929,000","1,450,000",54,1/3/18,1/9/17,
Bogor City,133,"1,819,000","1,368,000",65,1/3/18,1/9/17,
Denpasar,217,"2,968,000","2,230,000",65,1/3/18,1/9/17,
Jayapura,121,"1,655,000","1,245,000",65,1/3/18,1/9/17,
Makassar,130,"1,778,000","1,341,000",49,1/3/18,1/9/17,
Medan,132,"1,806,000","1,354,000",59,1/3/18,1/9/17,
Menado,105,"1,436,000","1,081,000",56,1/3/18,1/9/17,
"Nusa Dua (Ayodya, Westin)",474,"6,484,000","4,870,000",64,1/3/18,1/11/17,1
"Nusa Dua (Courtyard by Marriott, Intercontinental, Novotel)",271,"3,707,000","2,777,000",58,1/3/18,1/11/17,1
"Nusa Dua (Grand Hyatt, Laguna Bali)",424,"5,800,000","4,350,000",59,1/3/18,1/11/17,1
Nusa Dua (Melia Bali),374,"5,116,000","3,844,000",60,1/3/18,1/11/17,1
Senggigi,169,"2,312,000","1,737,000",63,1/3/18,1/9/17,
Surabaya,115,"1,573,000","1,176,000",57,1/3/18,1/9/17,
Surabaya (Shangri-la),306,"4,186,000","3,146,000",58,1/3/18,1/9/17,1
Yogyakarta,121,"1,655,000","1,245,000",57,1/3/18,1/9/17,
Elsewhere,102,"1,395,000","1,053,000",56,1/3/18,1/9/17,
Iran (Iranian Rial),,,,,,,
Tehran,225,"10,107,000","7,580,000",69,1/3/18,1/7/17,
Kerman (Pars),173,"7,751,000","5,813,000",71,1/3/18,1/7/17,1
Mashad,118,"5,282,000","3,962,000",60,1/3/18,1/7/17,
Elsewhere,111,"4,959,000","3,719,000",61,1/3/18,1/7/17,
Iraq (Iraqi Dinar),,,,,,,
Baghdad,275,"322,000","241,000",64,1/12/16,1/12/16,
Baghdad (Al Rasheed Hotel),446,"522,000","391,000",64,1/12/16,1/12/16,1
Basra,212,"248,000","186,000",67,1/12/16,1/12/16,
Basra (Basra International Hotel),335,"392,000","294,000",63,1/12/16,1/12/16,1
Erbil (Divan and Rotana),401,"469,000","352,000",59,1/12/16,1/12/16,1
Suleimaniyah,142,"166,000","125,000",60,1/12/16,1/12/16,
Elsewhere,195,"228,000","171,000",61,1/6/17,1/12/16,
Ireland (Euro),,,,,,,
All Areas,317,258,194,58,1/3/18,1/6/17,
Israel (Shekel),,,,,,,
Tel Aviv,382,"1,330","1,000",64,1/3/18,1/12/16,
Eilat,301,"1,050",790,69,1/3/18,1/12/16,
Haifa,316,"1,100",820,62,1/3/18,1/12/16,
Herzliya,253,880,660,67,1/3/18,1/12/16,
Jerusalem,282,980,740,60,1/3/18,1/12/16,
Tiberias,263,910,690,74,1/3/18,1/12/16,
Elsewhere,264,920,690,61,1/3/18,1/12/16,
Italy (Euro),,,,,,,
Rome,340,277,208,49,1/3/18,1/10/17,
Bologna,288,235,176,50,1/3/18,1/10/17,
Florence,277,226,170,58,1/3/18,1/10/17,
Milan,333,271,203,49,1/3/18,1/10/17,
Naples,315,257,193,64,1/3/18,1/10/17,
Palermo,329,268,201,53,1/3/18,1/10/17,
Trieste,271,221,166,38,1/3/18,1/10/17,
Turin,287,234,176,53,1/3/18,1/10/17,
Venice,377,307,230,58,1/3/18,1/10/17,
Elsewhere,178,145,109,43,1/3/18,1/2/17,
Jamaica (Jamaican Dollar),,,,,,,
Kingston,294,"37,300","28,000",57,1/3/18,1/7/17,
Elsewhere (15 Dec. -15 Apr.),341,"43,300","32,500",87,1/3/18,1/7/17,7
Elsewhere (16 Apr. -14 Dec.),282,"35,800","26,900",87,1/3/18,1/7/17,7
Japan (Yen),,,,,,,
Tokyo,328,"35,200","26,400",58,1/3/18,1/2/18,
Tokyo (Imperial),570,"61,300","46,000",72,1/3/18,1/2/18,1
"Tokyo (New Otani, Okura)",492,"52,800","39,600",63,1/3/18,1/2/18,1
Tokyo (Palace),700,"75,100","56,300",67,1/3/18,1/2/18,1
Fukuoka,264,"28,300","21,200",57,1/3/18,1/2/18,
Kobe,230,"24,700","18,500",59,1/3/18,1/2/18,
Kyoto,295,"31,600","23,700",59,1/3/18,1/2/18,
Nagoya,269,"28,800","21,600",58,1/3/18,1/2/18,
Osaka,265,"28,400","21,300",59,1/3/18,1/2/18,
Yokohama,300,"32,200","24,200",51,1/3/18,1/2/18,
Elsewhere,213,"22,800","17,100",57,1/3/18,1/2/18,
Jordan (Jordanian Dinar),,,,,,,
Amman,233,165,124,59,1/6/17,1/6/17,
Amman (Four Seasons),407,288,216,53,1/6/17,1/6/17,1
Amman (Sheraton),359,254,191,60,1/6/17,1/6/17,1
"Aqaba, Dead Sea, Petra",242,171,128,57,1/6/17,1/6/17,
Azraq,138,98,74,56,1/6/17,1/6/17,
"Irbid (Sedrah, Seven Days Hotel)",171,121,91,54,1/6/17,1/6/17,1
Jerusalem,282,200,150,60,1/6/17,1/12/16,10
Ruwaished,127,90,68,50,1/6/17,1/6/17,
Elsewhere,82,58,44,43,1/6/17,1/6/17,
Kazakhstan (Tenge),,,,,,,
Astana,182,"58,000","43,700",44,1/3/18,1/11/17,
Astana (Ritz Carlton),630,"201,000","151,000",74,1/3/18,1/11/17,1
Astana (Rixos President and Soluxe),263,"83,900","62,800",57,1/3/18,1/11/17,1
Aktau,137,"43,700","32,800",52,1/3/18,1/11/17,
Aktau (Renaissance),289,"92,200","69,200",70,1/3/18,1/11/17,1
Aktobe,128,"40,800","30,600",50,1/3/18,1/11/17,
Almaty,174,"55,500","41,800",45,1/3/18,1/11/17,
Almaty (Ritz Carlton),413,"132,000","98,800",69,1/3/18,1/11/17,1
Atyrau,140,"44,600","33,500",45,1/3/18,1/11/17,
Atyrau (Renaissance),345,"110,000","82,600",70,1/3/18,1/11/17,1
Schuchinsk-Burabay,213,"67,900","51,000",59,1/3/18,1/11/17,
Shymkent,130,"41,500","31,200",54,1/3/18,1/11/17,
Shymkent (Rixos Khadisha),307,"97,900","73,300",73,1/3/18,1/11/17,1
Ust-Kamenogorsk,126,"40,200","30,300",52,1/3/18,1/11/17,
Elsewhere,116,"37,000","27,700",51,1/3/18,1/11/17,
Kenya (Kenyan Shilling),,,,,,,
Nairobi,282,"28,700","21,500",63,1/3/18,1/3/18,
Nairobi (Nairobi Serena),400,"40,700","30,500",68,1/3/18,1/3/18,1
"Kajiado, Kitui, Mwingi",42,"4,270","3,200",48,1/3/18,1/3/18,
Kisumu (Acacia Premier),186,"18,900","14,200",66,1/3/18,1/3/18,1
Machakos,125,"12,700","9,550",60,1/3/18,1/3/18,
Makueni,71,"7,220","5,390",50,1/3/18,1/3/18,
"Marsabit. Isiolo, Garissa, Dadaab, Wajir",66,"6,710","5,080",55,1/3/18,1/3/18,
Masai Mara (Fairmount Mara Safari Club),219,"22,300","16,700",87,1/3/18,1/3/18,"1,7"
Masai Mara (Sarova Mara Game Camp),183,"18,600","13,900",87,1/3/18,1/3/18,"1,7"
Mombasa,169,"17,200","12,900",65,1/3/18,1/3/18,7
Naivasha,190,"19,300","14,500",87,1/3/18,1/3/18,7
Naivasha (Enashipai),224,"22,800","17,100",87,1/3/18,1/3/18,"1,7"
Nanyuki (Fairmont Mt. Kenya Safari Club),294,"29,900","22,500",87,1/3/18,1/3/18,"1,7"
Nanyuki (Sweetwaters Tented Camp),119,"12,100","9,050",87,1/3/18,1/3/18,"1,7"
Tana River,75,"7,620","5,690",87,1/3/18,1/3/18,7
Turkana County and Lodwar,92,"9,350","7,010",66,1/3/18,1/3/18,
Elsewhere,176,"17,900","13,400",64,1/3/18,1/3/18,7
Kiribati (AUL Dollar),,,,,,,
Christmas Island,126,161,121,71,1/3/18,1/2/18,
All Other Areas,148,189,142,63,1/3/18,1/2/18,
Outer Islands,122,156,117,55,1/3/18,1/2/18,
"Korea, Dem. Peo. of (N. Korean Won)",,,,,,,
Pyongyang,275,"28,300","21,200",64,1/3/18,1/9/17,
Elsewhere,104,"10,700","8,030",59,1/3/18,1/9/17,
"Korea, Republic of (S. Korean Won)",,,,,,,
Seoul,345,"370,000","278,000",60,1/3/18,1/12/17,
Changwon,253,"271,000","203,000",59,1/3/18,1/12/17,
Cheju Island,279,"299,000","224,000",63,1/3/18,1/12/17,
Daejon,189,"203,000","152,000",54,1/3/18,1/12/17,
Gangneung,228,"244,000","183,000",60,1/3/18,1/12/17,
Incheon,216,"231,000","173,000",53,1/3/18,1/12/17,
Kwangju,244,"261,000","196,000",60,1/3/18,1/12/17,
Kyungju,291,"312,000","234,000",61,1/3/18,1/12/17,
Pusan,260,"278,000","209,000",56,1/3/18,1/12/17,
Pyeongchang,279,"299,000","224,000",65,1/3/18,1/12/17,
Taegu,246,"264,000","198,000",63,1/3/18,1/12/17,
Ulsan,239,"256,000","192,000",55,1/3/18,1/12/17,
Yeosu,264,"283,000","212,000",63,1/3/18,1/12/17,
Elsewhere,171,"183,000","137,000",56,1/3/18,1/12/17,
Kuwait (Kuwaiti Dinar),,,,,,,
Kuwait City,417,125,94,65,1/2/18,1/9/17,
Kuwait City (Sheraton Four Points),550,165,124,63,1/2/18,1/9/17,1
Kyrgyzstan (Som),,,,,,,
Bishkek,196,"13,300","10,000",66,1/3/18,1/12/17,
Bishkek (Hyatt Regency),302,"20,600","15,400",78,1/3/18,1/12/17,1
Issyk-kul (1 Jan - 30 Jun),128,"8,710","6,530",67,1/3/18,1/12/17,
Issyk-kul (1 Jul - 15 Sep),213,"14,500","10,900",75,1/3/18,1/12/17,
Issyk-kul (16 Sep - 31 Dec),129,"8,780","6,600",67,1/3/18,1/12/17,
Osh,96,"6,530","4,900",66,1/3/18,1/12/17,
Elsewhere,56,"3,810","2,860",58,1/3/18,1/12/17,
Lao Peo. Dem. Rep. (Kip),,,,,,,
Vientiane,175,"1,453,000","1,087,000",61,1/3/18,1/4/17,
"Vientiane (Crowne Plaza, Settha Palace)",205,"1,702,000","1,278,000",63,1/3/18,1/4/17,1
"Kaysone Phomvihanh, Pakse, Pek, Thakhek",83,"689,000","515,000",55,1/3/18,1/4/17,
Luang Prabang,112,"930,000","697,000",61,1/3/18,1/4/17,
"Luang Prabang (Grand Luang Prabang, Le Palais Juliana, Luang Prabang View, Villa Santi)",182,"1,511,000","1,137,000",62,1/3/18,1/4/17,1
Luang Prabang (Victoria Xiengthong),272,"2,258,000","1,693,000",67,1/3/18,1/4/17,1
"Vangvieng, Xay",98,"813,000","614,000",59,1/3/18,1/4/17,
Elsewhere,66,"548,000","415,000",47,1/3/18,1/4/17,
Latvia (Euro),,,,,,,
Riga,206,168,126,57,1/3/18,1/10/17,
Jurmala,256,209,157,56,1/3/18,1/10/17,
Elsewhere,153,125,94,49,1/3/18,1/10/17,
Lebanon (Lebanese Pound),,,,,,,
Beirut (Le Royal),460,"696,000","522,000",65,1/3/18,1/4/17,1
Beirut (Movenpick) 1 January - 14 June,314,"475,000","357,000",53,1/3/18,1/2/16,1
Beirut (Movenpick) 15 June - 31 December,377,"571,000","428,000",58,1/3/18,1/2/16,1
Greater Beirut,246,"372,000","280,000",66,1/3/18,1/4/17,
Al Metn,298,"451,000","339,000",59,1/3/18,1/4/17,
Tyr (Tyr Rest House),273,"413,000","310,000",50,1/3/18,1/4/17,1
Elsewhere,147,"222,000","166,000",45,1/3/18,1/4/17,
Lesotho (Loti),,,,,,,
Maseru,107,"1,250",940,57,1/3/18,1/5/17,
Maseru (Avani Lesotho Hotel & Casino),322,"3,760","2,820",70,1/3/18,1/5/17,1
Maseru (Avani Maseru Sun),210,"2,460","1,850",69,1/3/18,1/5/17,1
Maseru (Mpilo Boutique Hotel),261,"3,050","2,290",69,1/3/18,1/5/17,1
Butha-Buthe (New Oxbow Lodge),170,"1,990","1,490",57,1/3/18,1/5/17,1
Leribe,115,"1,350","1,010",61,1/3/18,1/5/17,
Leribe (Maliba Mountain Lodge),340,"3,970","2,980",73,1/3/18,1/5/17,"1,7"
Mohale's Hoek,109,"1,270",950,63,1/3/18,1/5/17,
Teyateyaneng,115,"1,350","1,010",60,1/3/18,1/5/17,
Thaba-Tseka (Orion Katse Lodge),127,"1,490","1,120",60,1/3/18,1/5/17,1
Elsewhere,109,"1,270",950,56,1/3/18,1/5/17,
Liberia (Liberian Dollar),,,,,,,
Monrovia,303,"35,800","35,800",58,1/1/18,1/1/18,
Robertsfield (Farmington Hotel),240,"28,400","21,300",50,1/1/18,1/1/18,1
Robertsport (Nana Lodge GH),140,"16,600","12,400",71,1/1/18,1/1/18,1
Elsewhere,95,"11,200","11,200",59,1/1/18,1/1/18,
Libya (Libyan Dinar),,,,,,,
Tripoli,216,286,215,65,1/3/18,1/6/15,
"Tripoli (Albustan, Corinthia, Radisson Blu)",335,444,333,71,1/3/18,1/6/15,1
Elsewhere,177,235,176,61,1/3/18,1/6/15,
Lithuania (Euro),,,,,,,
Vilnius,239,195,146,60,1/3/18,1/3/17,
Elsewhere,161,131,98,60,1/3/18,1/3/17,
Luxembourg (Euro),,,,,,,
All Areas,383,312,234,60,1/3/18,1/12/17,
Madagascar (Ariary (New Madagascar Franc)),,,,,,,
Antananarivo,200,"627,000","470,000",66,1/3/18,1/6/17,
Antananarivo (Carlton),469,"1,471,000","1,104,000",79,1/3/18,1/6/17,1
Amboassary,70,"219,000","166,000",56,1/3/18,1/6/17,
Antsirabe,94,"295,000","223,000",64,1/3/18,1/6/17,
Antsiranana (Diego-Suarez),182,"571,000","430,000",64,1/3/18,1/6/17,
Fianarantsoa,81,"254,000","191,000",47,1/3/18,1/6/17,
Mahajanga,102,"320,000","241,000",62,1/3/18,1/6/17,
Morondava,119,"373,000","279,000",64,1/3/18,1/6/17,
Morondava (Palissandre Cote Ouest),208,"652,000","489,000",87,1/3/18,1/6/17,"1,7"
Nosy-Be,261,"818,000","615,000",71,1/3/18,1/6/17,
Ranomafana,87,"273,000","204,000",57,1/3/18,1/6/17,
Sainte Marie,274,"859,000","646,000",77,1/3/18,1/6/17,
Toamasina,134,"420,000","317,000",66,1/3/18,1/6/17,
Tolagnaro (Fort-Dauphin),97,"304,000","229,000",63,1/3/18,1/6/17,
Toliara,107,"336,000","251,000",62,1/3/18,1/6/17,
Elsewhere,63,"198,000","147,000",53,1/3/18,1/6/17,
Malawi (Malawi Kwacha),,,,,,,
Lilongwe,186,"135,000","102,000",65,1/1/18,1/1/18,
Blantyre,150,"109,000","81,900",61,1/1/18,1/1/18,
Blantyre (Mt. Soche & Ryalls),221,"161,000","121,000",69,1/1/18,1/1/18,1
Mangochi (Makokola Retreat),236,"172,000","129,000",70,1/1/18,1/1/18,1
Mangochi (Sunbird Nkopola Lodge),190,"138,000","104,000",66,1/1/18,1/1/18,1
Mzuzu (Hotel Mzuzu),207,"151,000","113,000",68,1/1/18,1/1/18,2
"Salima (Livingstonia Beach, Safari Beach)",221,"161,000","121,000",69,1/1/18,1/1/18,1
Zomba (Ku Chawe Inn),225,"164,000","123,000",69,1/1/18,1/1/18,1
Elsewhere,133,"96,800","72,600",62,1/1/18,1/1/18,
Malaysia (Ringgit),,,,,,,
Kuala Lumpur,225,880,660,52,1/3/18,1/4/17,
Kota Kinabalu (Sabah),179,700,530,60,1/3/18,1/4/17,
Melaka,207,810,610,62,1/3/18,1/4/17,
Penang,177,690,520,61,1/3/18,1/4/17,
Elsewhere,151,590,443,60,1/3/18,1/4/17,
Maldives (Rufiyaa),,,,,,,
Male,340,"5,100","3,830",57,1/3/17,1/3/17,7
Male (Hulhule Island Hotel),479,"7,190","5,390",68,1/3/17,1/3/17,1
Male (Jen),328,"4,920","3,690",73,1/3/17,1/3/17,1
Haa Alifu (Resorts) August - April,458,"6,870","5,150",73,1/3/17,1/3/17,"1,42"
Haa Alifu (Resorts) May - July,560,"8,400","6,300",86,1/3/17,1/3/17,"1,7,43"
Kaafu (Resorts),640,"9,600","7,200",87,1/3/17,1/3/17,"1,7,44"
Elsewhere (Islands),141,"2,120","1,590",73,1/3/17,1/3/17,
Mali (CFA Franc(XOF)),,,,,,,
Bamako,249,"133,000","99,800",44,1/3/18,1/9/17,
Bamako (Radisson Bamako),286,"153,000","115,000",55,1/3/18,1/9/17,1
Elsewhere,135,"72,300","54,200",41,1/3/18,1/9/17,
Malta (Euro),,,,,,,
All Areas,342,279,209,60,1/3/18,1/10/16,
Marshall Islands (US Dollar),,,,,,,
Majuro,221,221,166,57,1/2/18,1/2/18,
Ebeye,265,265,199,47,1/2/18,1/2/18,
Elsewhere,144,144,108,42,1/2/18,1/2/18,
Mauritania (Ouguiya),,,,,,,
Nouakchott,189,"66,300","49,700",60,1/3/18,1/7/17,
"Nouakchott (Mauricenter, Monotel, Tfeila)",244,"85,600","64,200",61,1/3/18,1/7/17,1
Bassiknou,69,"24,200","18,200",52,1/3/18,1/7/17,
Nouadhibou,152,"53,400","40,100",50,1/3/18,1/7/17,
Zouerate,168,"58,700","44,000",49,1/3/18,1/7/17,
Elsewhere,88,"30,700","23,000",52,1/3/18,1/7/17,
Mauritius (Mauritius Rupee),,,,,,,
Port Louis/Mauritius,254,"8,320","6,240",60,1/3/18,1/12/17,
Elsewhere - Rodrigues Is & Outer Islands,156,"5,110","3,830",87,1/3/18,1/12/17,7
Mexico (Mexican Peso),,,,,,,6
Mexico City,354,"6,630","4,980",66,1/3/18,1/12/17,
"Acapulco, Guerrero",264,"4,940","3,710",58,1/3/18,1/12/17,
"Aguascalientes, Aguascalientes",208,"3,900","2,920",55,1/3/18,1/12/17,
"Cancun, Quintana Roo",311,"5,830","4,360",68,1/3/18,1/12/17,
"Cuernavaca, Morelos",279,"5,230","3,910",60,1/3/18,1/12/17,
"Guadalajara, Jalisco",257,"4,810","3,610",58,1/3/18,1/12/17,
"Mérida, Yucatán",229,"4,290","3,220",60,1/3/18,1/12/17,
"Monterrey, Nuevo Leon",325,"6,090","4,570",62,1/3/18,1/12/17,
"Puebla, Puebla",244,"4,570","3,430",57,1/3/18,1/12/17,
"Puerto Vallarta, Jalisco",232,"4,350","3,260",60,1/3/18,1/12/17,
"Saltillo, Coahuila",188,"3,520","2,640",54,1/3/18,1/1/18,
San Cristobal de las Casas,167,"3,130","2,340",60,1/3/18,1/12/17,
"San Luis Potosí, San Luis Potosi",223,"4,180","3,130",59,1/3/18,1/12/17,
"Tapachula, Chiapas",137,"2,570","1,930",52,1/3/18,1/12/17,
"Tijuana, Baja California Norte",279,"5,230","3,910",62,1/3/18,1/12/17,
"Toluca, Edo. de México",183,"3,430","2,570",57,1/3/18,1/12/17,
"Torreón, Coahuila",226,"4,230","3,180",58,1/3/18,1/12/17,
"Tuxtla Gutierrez, Chiapas",147,"2,750","2,060",53,1/3/18,1/12/17,
"Villahermosa, Tabasco",167,"3,130","2,340",42,1/3/18,1/1/18,
"Zacatecas, Zacatecas",187,"3,500","2,620",63,1/3/18,1/12/17,
Elsewhere,120,"2,250","1,690",44,1/3/18,1/12/17,
"Micronesia, Fed States Of (US Dollar)",,,,,,,
Kosrae,241,241,181,53,1/2/18,1/2/18,
Ponape,223,223,167,55,1/2/18,1/2/18,
Truk,225,225,169,64,1/2/18,1/2/18,
Yap,262,262,197,60,1/2/18,1/2/18,
Moldova (Moldovan Leu),,,,,,,
Chisinau,120,"2,000","1,500",62,1/3/18,1/5/17,
Chisinau (Radisson Blu Leogrand),205,"3,420","2,570",65,1/3/18,1/5/17,1
Elsewhere,91,"1,520","1,130",65,1/3/18,1/5/17,
Monaco (Euro),,,,,,,
All Areas,361,294,221,65,1/3/18,1/9/17,
Mongolia (Mongo. Tugrik),,,,,,,
Ulaanbaatar,242,"579,000","579,000",64,1/3/18,1/12/17,
Elsewhere,103,"247,000","247,000",46,1/3/18,1/12/17,
Montenegro  (Euro),,,,,,,
Podgorica,164,134,101,63,1/3/18,1/3/18,
"Bar, Becici, Budva, Kotor, Milocer, Petrovac, Tivat, Herceg Novi, Ulcinj (The Coast)",157,128,96,67,1/3/18,1/3/18,
Budva (Hotel Splendid),309,252,189,87,1/3/18,1/3/18,"1,7"
Kolasin (Hotel Bianca),129,105,79,87,1/3/18,1/3/18,1
Tivat (Regent),211,172,129,70,1/3/18,1/3/18,1
Elsewhere,102,83,62,64,1/3/18,1/3/18,
Montserrat (E.C. Dollar),,,,,,,
All Areas,230,620,465,52,1/3/17,1/6/16,
Morocco (Morocco Dirham),,,,,,,
Rabat,235,"2,170","1,630",58,1/3/18,1/3/17,
Rabat (Sofitel Jardin des Roses),392,"3,620","2,720",56,1/3/18,1/3/17,1
"Rabat (Tour Hassan, View, Villa Mandarine)",306,"2,820","2,120",60,1/3/18,1/3/17,1
Agadir,159,"1,470","1,100",58,1/3/18,1/3/17,
Agadir (Sofitel Royal Bay Resort),280,"2,580","1,940",64,1/3/18,1/3/17,1
Agadir (Sofitel Royal Thalassa),337,"3,110","2,330",66,1/3/18,1/3/17,1
Casablanca,249,"2,300","1,730",57,1/3/18,1/3/17,
Casablanca (Four Seasons),449,"4,140","3,110",63,1/3/18,1/3/17,1
"Casablanca (Hyatt Regency, Sofitel Tour Blanche)",385,"3,550","2,660",61,1/3/18,1/3/17,1
Casablanca (Kenzi Tower),274,"2,530","1,900",63,1/3/18,1/3/17,1
Essaouira (Le Medina Thalasa),244,"2,250","1,690",56,1/3/18,1/3/17,1
Essaouira (Sofitel) 26 Dec - 3 Jan,335,"3,090","2,320",61,1/3/18,1/3/17,1
Essaouira (Sofitel) 4 Jan - 25 Dec,254,"2,340","1,760",53,1/3/18,1/3/17,1
Fes,160,"1,480","1,110",53,1/3/18,1/3/17,
Fes (Jnan Palace & Palace Medina),242,"2,230","1,670",58,1/3/18,1/3/17,1
Marrakesh,181,"1,670","1,250",53,1/3/18,1/3/17,
Marrakesh (Essaadi),273,"2,520","1,890",51,1/3/18,1/2/16,1
Marrakesh (Four Seasons),380,"3,510","2,630",64,1/3/18,1/3/17,1
"Marrakesh (Hivernage, Movenpick Mansour Eddahbi, Pullman Palmeraie)",267,"2,460","1,850",53,1/3/18,1/3/17,1
Marrakesh (Kenzi Menara Palace),258,"2,380","1,790",60,1/3/18,1/2/16,1
Marrakesh (Sofitel Marrakech),438,"4,040","3,030",67,1/3/18,1/3/17,1
Marrakesh (Sofitel Palais Imperial) 1 Jan - 1 Jul,365,"3,370","2,530",63,1/3/18,1/3/17,1
Marrakesh (Sofitel Palais Imperial) 2 Jul - 24 Dec,440,"4,060","3,050",67,1/3/18,1/3/17,1
Marrakesh (Sofitel Palais Imperial) 25-31 Dec,490,"4,520","3,390",69,1/3/18,1/3/17,1
"Tangier (El Minzah, Golden Tulip City Center)",221,"2,040","1,530",58,1/3/18,1/3/17,1
Elsewhere,155,"1,430","1,070",55,1/3/18,1/3/17,
Mozambique (Metical (New)),,,,,,,
Maputo,290,"16,900","12,700",59,1/1/18,1/7/17,
Beira,174,"10,100","7,640",44,1/1/18,1/7/17,
Chimoio,195,"11,400","8,510",44,1/1/18,1/7/17,
Ilha de Mocambique,226,"13,200","9,910",50,1/1/18,1/7/17,
Nampula,189,"11,000","8,280",42,1/1/18,1/7/17,
Pemba,223,"13,000","9,740",45,1/1/18,1/7/17,
Pemba (Avani Pemba Beach),380,"22,200","16,600",63,1/1/18,1/7/17,1
Quelimane,210,"12,200","9,210",32,1/1/18,1/7/17,
Tete,227,"13,200","9,910",49,1/1/18,1/7/17,
Vilanculos (Casa Rex),212,"12,400","9,270",48,1/1/18,1/7/17,1
Elsewhere,166,"9,680","7,290",43,1/1/18,1/7/17,
Myanmar (Myanmar Kyat),,,,,,,
Yangon,181,"241,000","181,000",46,1/3/18,1/8/17,
Yangon (Special Hotels),268,"356,000","267,000",59,1/3/18,1/8/17,"1,38"
Chaung Tha Beach,161,"214,000","161,000",75,1/3/18,1/8/17,
Dawei,95,"126,000","94,400",62,1/3/18,1/8/17,
Dawei (Hotel Dawei),193,"257,000","193,000",73,1/3/18,1/8/17,1
Hpa An,96,"128,000","95,800",66,1/3/18,1/8/17,
Inle,222,"295,000","222,000",66,1/3/18,1/8/17,
Inle (Aureum Palace and Inle Prince),325,"432,000","325,000",69,1/3/18,1/8/17,1
Kawthaung,116,"154,000","116,000",59,1/3/18,1/8/17,
Loikaw,105,"140,000","105,000",66,1/3/18,1/9/17,
Mandalay,86,"114,000","86,500",64,1/3/18,1/8/17,
"Mandalay (Mandalay Hill, Sedona, Shwe Pyi Thar)",220,"293,000","219,000",64,1/3/18,1/8/17,1
Maw-La-Myine,98,"130,000","98,400",64,1/3/18,1/5/16,
Maw-La-Myine (Attaran) International Staff Only,108,"144,000","108,000",69,1/3/18,1/8/17,1
Maw-La-Myine (Royal Hinthar and Strand) International Staff Only,130,"173,000","130,000",73,1/3/18,1/8/17,1
Monywa (Jade Royal) International Staff Only,91,"121,000","90,400",60,1/3/18,1/8/17,1
Mrauk Oo (International Staff),103,"137,000","102,000",53,1/3/18,1/8/17,
Mrauk Oo (Local Staff),87,"116,000","86,500",47,1/3/18,1/8/17,
"Mrauk Oo (Mrauk U Prince)International Staff Only",421,"560,000","420,000",76,1/3/18,1/8/17,1
Mrauk Oo (Mrauk U Prince) Local Staff Only,181,"241,000","181,000",62,1/3/18,1/8/17,1
Myeik,127,"169,000","126,000",65,1/3/18,1/8/17,
Myitkyina,101,"134,000","101,000",64,1/3/18,1/8/17,
Naypyitaw,104,"138,000","104,000",43,1/3/18,1/8/17,
"Naypyitaw (Hilton, Horizon Lake View, Kempinski, Parkroyal)",157,"209,000","157,000",49,1/3/18,1/8/17,1
Ngwe Saung Beach,207,"275,000","206,000",70,1/3/18,1/8/17,
Nyaungoo-Bagan,168,"223,000","168,000",60,1/3/18,1/8/17,
Nyaungoo-Bagan (Aureum Palace),308,"410,000","307,000",68,1/3/18,1/8/17,1
"Nyaungoo-Bagan (Tharabar, Aye Yar Riverview)",258,"343,000","258,000",66,1/3/18,1/8/17,1
Pathein,104,"138,000","104,000",43,1/3/18,1/8/17,
Putao (International Staff),141,"188,000","141,000",64,1/3/18,1/8/17,
Putao (Local Staff),95,"126,000","94,400",53,1/3/18,1/8/17,
Pyinoolwin,108,"144,000","108,000",64,1/3/18,1/8/17,
Sittwe (Royal Sittwe) International Staff Only,127,"169,000","126,000",63,1/3/18,1/8/17,1
Taunggyi (International Staff Only),161,"214,000","161,000",64,1/3/18,1/8/17,
Taunggyi (Local Staff Only),118,"157,000","118,000",54,1/3/18,1/8/17,
Taungoo,167,"222,000","166,000",63,1/3/18,1/8/17,
Thandwe (Ngapali Beach Only) October - April,380,"505,000","379,000",71,1/3/18,1/8/17,40
Elsewhere,83,"110,000","82,500",65,1/3/18,1/8/17,
Namibia (Namibia Dollar),,,,,,,
Windhoek,215,"2,510","1,880",66,1/3/18,1/7/17,
Windhoek (Avani Windhoek),530,"6,150","4,610",79,1/3/18,1/7/17,1
Gobabis,155,"1,810","1,360",69,1/3/18,1/7/17,
Henties Bay,135,"1,580","1,190",61,1/3/18,1/7/17,
Karibib (Etusis Lodge),142,"1,660","1,250",87,1/3/18,1/7/17,"1,7"
Katima Mulilo,183,"2,140","1,610",61,1/3/18,1/7/17,
Keetmanshoop,131,"1,530","1,150",63,1/3/18,1/7/17,
Luderitz (Nest),266,"3,110","2,330",68,1/3/18,1/7/17,1
Luderitz (Sea View Zum Sperrgebiet),158,"1,850","1,390",54,1/3/18,1/7/17,1
"Mariental (Camelthorn, Suricate, Zebra Lodges)",212,"2,480","1,860",85,1/3/18,1/7/17,"1,7"
Okahandja,244,"2,850","2,140",70,1/3/18,1/7/17,
Omaruru,315,"3,680","2,760",87,1/3/18,1/7/17,7
Ondangwa,143,"1,670","1,250",57,1/3/18,1/7/17,
Opuwo,133,"1,560","1,170",61,1/3/18,1/7/17,
Oshakati,127,"1,490","1,120",60,1/3/18,1/7/17,
Otavi,118,"1,380","1,040",69,1/3/18,1/7/17,
Otjiwarongo,120,"1,400","1,050",60,1/3/18,1/7/17,
Otjiwarongo (Okondjima Lodge),219,"2,560","1,920",87,1/3/18,1/7/17,"1,7"
Rundu,163,"1,900","1,430",66,1/3/18,1/7/17,
Rundu (Hakusembe River Lodge),218,"2,550","1,910",70,1/3/18,1/7/17,1
Sossesvlei (Sossesvlei Lodge),338,"3,950","2,960",87,1/3/18,1/7/17,"1,7"
Swakopmund,225,"2,630","1,970",70,1/3/18,1/7/17,
Swakopmund (Swakopmund Entertainment Centre),318,"3,720","2,790",75,1/3/18,1/7/17,1
Tsumeb,169,"1,980","1,490",73,1/3/18,1/7/17,
Tsumkwe,126,"1,470","1,100",58,1/3/18,1/7/17,
Walvis Bay,182,"2,130","1,600",68,1/3/18,1/7/17,
Elsewhere,101,"1,180",890,61,1/3/18,1/7/17,
Nauru (AUL Dollar),,,,,,,
All Areas,219,280,210,58,1/3/18,1/2/18,
Nepal (Nepalese Rupee),,,,,,,
Kathmandu,178,"18,500","13,900",64,1/3/18,1/11/17,
Kathmandu (Dwarika's),307,"31,900","23,900",61,1/3/18,1/11/17,1
Kathmandu (Hyatt Regency),236,"24,500","18,400",66,1/3/18,1/11/17,1
"Bhairahawa, Bharatpur, Biratnagar, Birgunj",60,"6,230","4,670",55,1/3/18,1/11/17,
Damak (IOM Guest House),103,"10,700","7,990",78,1/3/18,1/11/17,2
Dhulikhel and Nagarkot,115,"11,900","8,930",61,1/3/18,1/11/17,
Lumbini (Nepal Hokke),166,"17,200","13,000",67,1/3/18,1/11/17,1
"Nepalgunj, Hetauda, Dhanagadhi",50,"5,190","3,940",60,1/3/18,1/11/17,
Pokhara (Pokhara Grande and Shangrila),167,"17,300","13,000",65,1/3/18,1/11/17,1
Pokhara and Lumbini,113,"11,700","8,820",63,1/3/18,1/11/17,
Sauraha,63,"6,540","4,880",55,1/3/18,1/11/17,
Sauraha (Kasara Jungle Resort),165,"17,100","12,900",68,1/3/18,1/11/17,1
Elsewhere,43,"4,460","3,320",60,1/3/18,1/11/17,
Netherlands (Euro),,,,,,,
All Areas,353,288,216,55,1/3/18,1/3/18,
New Caledonia (CFP Franc),,,,,,,
All Areas,331,"32,200","24,200",64,1/3/18,1/12/17,
New Zealand (NZE Dollar),,,,,,,
Auckland and Wellington,314,433,325,57,1/3/18,1/7/17,
Elsewhere,285,393,295,54,1/3/18,1/7/17,
Nicaragua (Cordoba Oro),,,,,,,
Managua,205,"6,360","4,780",62,1/3/18,1/1/17,
Corn Island,166,"5,150","3,880",62,1/3/18,1/1/17,
Elsewhere,121,"3,750","2,820",57,1/3/18,1/1/17,
Niger (CFA Franc(XOF)),,,,,,,
Niamey,200,"107,000","80,300",49,1/3/18,1/7/17,
Niamey (Hotel Gaweye),275,"147,000","110,000",51,1/3/18,1/7/17,1
Niamey (Soluxe),318,"170,000","128,000",59,1/3/18,1/7/17,1
Elsewhere,164,"87,500","65,600",44,1/3/18,1/7/17,
Nigeria (Naira),,,,,,,
Abuja,122,"44,000","33,000",62,1/3/18,1/9/16,
Abuja (Protea),212,"76,500","57,400",67,1/3/18,1/3/17,1
Abuja (Sheraton),182,"65,400","49,100",56,1/3/18,1/9/16,1
Abuja (Transcorp Hilton),330,"119,000","89,300",69,1/3/18,1/3/17,1
Calabar City,69,"25,000","18,800",54,1/3/18,1/2/17,
Enugu (State Capital City),69,"24,800","18,600",55,1/3/18,1/9/16,
Ibadan City,105,"37,700","28,300",74,1/3/18,1/2/17,
Kaduna (State Capital City),57,"20,600","15,500",59,1/3/18,1/9/16,
Kano (State Capital City),74,"26,600","20,000",58,1/3/18,1/9/16,
Lagos,91,"32,600","24,500",60,1/3/18,1/2/17,
"Lagos (Eko, Federal Palace)",268,"96,500","72,400",73,1/3/18,1/9/16,1
"Lagos (Four Points, Protea Victoria Island)",199,"71,700","53,800",67,1/3/18,1/2/17,1
"Lagos (Intercontinental, Wheatbaker)",383,"138,000","104,000",70,1/3/18,1/2/17,1
Lagos (Moorhouse Ikoyi),232,"83,600","62,700",71,1/3/18,1/2/17,1
Lagos (Southern Sun Ikoyi),194,"69,900","52,400",60,1/3/18,1/2/17,1
Maiduguri,69,"25,000","18,800",65,1/3/18,1/9/16,
Obudu (Obudu Mountain Resort),93,"33,400","25,100",60,1/3/18,1/2/17,2
Port Harcourt,79,"28,500","21,400",61,1/3/18,1/9/16,
"Port Harcourt (Golden Tulip, Swiss International)",176,"63,500","47,600",67,1/3/18,1/9/16,1
Port Harcourt (Le Meridien),232,"83,400","62,600",66,1/3/18,1/9/16,1
Uyo City,57,"20,700","15,500",59,1/3/18,1/2/17,
Uyo City (Le Meridien),205,"73,800","55,400",61,1/3/18,1/2/17,1
Yenagoa City,87,"31,300","23,500",61,1/3/18,1/9/16,
Elsewhere,50,"18,000","13,500",58,1/3/18,1/9/16,
Niue (NZE Dollar),,,,,,,
All areas,244,336,252,51,1/3/18,1/11/16,
Norway (Norwegian Krone),,,,,,,
All Areas,304,"2,380","1,790",51,1/3/18,1/11/17,
Oman (Rial Omani),,,,,,,
Muscat,278,107,80,59,1/7/17,1/7/17,
Elsewhere,252,97,73,64,1/7/17,1/7/17,
Pakistan (Pakistani Rupee),,,,,,,
Islamabad (Marriott),249,"27,600","20,700",67,1/3/18,1/4/17,1
Islamabad (Serena),358,"39,700","29,800",73,1/3/18,1/4/17,1
Islamabad/Rawalpindi,185,"20,500","15,400",66,1/3/18,1/4/17,
"Bhurban (PC), Faisalabad and Quetta (Serena)",238,"26,400","19,800",69,1/3/18,1/4/17,1
Gilgit (Serena),150,"16,600","12,500",66,1/3/18,1/4/17,1
Gwadar (Zaver Pearl Continental),219,"24,300","18,200",81,1/3/18,1/4/17,1
Karachi,199,"22,000","16,500",67,1/3/18,1/4/17,
Lahore,188,"20,800","15,600",66,1/3/18,1/4/17,
Lahore (Avari),265,"29,400","22,100",72,1/3/18,1/4/17,1
Multan (Ramada),190,"21,100","15,800",71,1/3/18,1/4/17,1
Muzaffarabad (Pearl Continental),202,"22,400","16,800",70,1/3/18,1/4/17,1
Nathiagali,116,"12,900","9,680",67,1/3/18,1/4/17,
Peshawar (Pearl Continental),182,"20,200","15,200",71,1/3/18,1/4/17,1
Skardu,158,"17,500","13,100",71,1/3/18,1/4/17,
Swat (Serena),150,"16,600","12,500",66,1/3/18,1/4/17,1
Elsewhere,90,"10,000","7,500",60,1/3/18,1/4/17,
Palau (US Dollar),,,,,,,
All Areas,295,295,221,62,1/2/18,1/2/18,
Panama (Balboa),,,,,,,
Panama City,263,263,197,56,1/8/17,1/8/17,
Comarca Kuna Yala/San Blas,198,198,149,61,1/8/17,1/8/17,
Davíd,199,199,149,66,1/8/17,1/8/17,
El Valle de Anton,267,267,200,66,1/8/17,1/8/17,
Isla Colon,215,215,161,61,1/8/17,1/8/17,
Elsewhere,186,186,140,61,1/8/17,1/8/17,
Papua New Guinea (Kina),,,,,,,
Port Moresby,352,"1,120",840,68,1/7/17,1/11/16,
Alotau,208,660,495,72,1/7/17,1/7/16,
Arawa,226,720,540,67,1/7/17,1/11/16,
Buin,204,650,488,66,1/7/17,1/11/16,
Buka,286,910,680,70,1/7/17,1/11/16,
Daru,170,540,405,69,1/7/17,1/7/16,
Gaire,208,660,495,68,1/7/17,1/7/16,
Goroka,186,590,443,68,1/7/17,1/7/16,
Kavieng,220,700,530,73,1/7/17,1/7/16,
Kimbe,182,580,435,72,1/7/17,1/7/16,
Kiunga,208,660,495,72,1/7/17,1/7/16,
Kokopo,208,660,495,72,1/7/17,1/7/16,
Lae,220,700,530,71,1/7/17,1/7/16,
Loloata,289,920,690,61,1/7/17,1/2/15,
Lorengau,195,620,465,71,1/1/18,1/1/18,
Madang,173,550,413,68,1/7/17,1/7/16,
Mt. Hagen,167,530,398,68,1/7/17,1/7/16,
Popondetta,173,550,413,70,1/7/17,1/7/16,
Rabaul,195,620,465,62,1/7/17,1/2/15,
Siwai,198,630,473,65,1/7/17,1/12/16,
Tabubil,192,610,458,72,1/7/17,1/7/16,
Vanimo,192,610,458,66,1/7/17,1/7/16,
Wewak,164,520,390,68,1/7/17,1/7/16,
Elsewhere,148,471,353,65,1/7/17,1/11/16,
Paraguay (Guarani),,,,,,,
Asuncion,217,"1,209,000","908,000",57,1/3/18,1/4/17,
Ciudad del Este (Casino Aracay),167,"931,000","697,000",66,1/3/18,1/4/17,1
Elsewhere,127,"708,000","529,000",51,1/3/18,1/4/17,
Peru (Nuevo Sol),,,,,,,
Lima,240,780,580,65,1/3/18,1/7/16,
Arequipa,171,560,416,63,1/3/18,1/7/16,
Cuzco,196,640,478,60,1/3/18,1/7/16,
Iquitos,152,494,370,67,1/3/18,1/7/16,
Trujillo,173,560,422,60,1/3/18,1/7/16,
Elsewhere,126,409,309,59,1/3/18,1/7/16,
Philippines (Philippine Peso),,,,,,,
Metro Manila,256,"13,400","10,000",58,1/3/18,1/9/17,
Baguio City,126,"6,550","4,910",66,1/3/18,1/9/17,
Bataan,189,"9,890","7,420",76,1/3/18,1/9/17,
Batangas,157,"8,210","6,160",76,1/3/18,1/9/17,
Cebu City,230,"12,000","9,000",64,1/3/18,1/9/17,
"Clark, Pampanga",163,"8,510","6,380",70,1/3/18,1/9/17,
Davao City,150,"7,830","5,870",66,1/3/18,1/9/17,
Tacloban,103,"5,350","4,010",73,1/3/18,1/9/17,
Tagaytay,174,"9,090","6,820",64,1/3/18,1/9/17,
Tagbilaran,141,"7,350","5,510",72,1/3/18,1/9/17,
Elsewhere,91,"4,730","3,550",67,1/3/18,1/9/17,
Poland (Poland Zloty),,,,,,,
Warsaw,287,980,730,61,1/3/18,1/1/13,
Elsewhere,215,730,550,61,1/3/18,1/1/13,
Portugal (Euro),,,,,,,
Lisbon,396,323,242,61,1/3/18,1/6/17,
Porto,320,261,196,57,1/3/18,1/6/17,
Elsewhere,161,131,98,35,1/3/18,1/12/14,
Puerto Rico (US Dollar),,,,,,,
All Areas (20 Dec. - 30 Apr.),421,421,316,68,1/6/13,1/6/13,
All Areas (1 May - 20 Dec.),304,304,228,59,1/6/13,1/6/13,
Qatar (Qatari Rial),,,,,,,
Doha,340,"1,240",930,61,1/3/18,1/1/18,
Romania (Leu (New)),,,,,,,
Bucharest,240,910,680,65,1/3/18,1/7/17,
"Brasov, Constanta, Mamaia, Timisoara",192,730,550,61,1/3/18,1/7/17,
Cluj and Sibiu,159,600,452,58,1/3/18,1/7/17,
Elsewhere,142,540,406,56,1/3/18,1/7/17,
Russian Federation (Russian Rouble),,,,,,,
Moscow,361,"20,300","15,200",70,1/3/18,1/6/17,
Sakha,146,"8,190","8,190",68,1/3/18,1/9/16,
Sochi (1 Jun. - 15 Oct.),202,"11,300","11,300",71,1/3/18,1/6/17,
Sochi (16 Oct. - 31 May),164,"9,200","9,200",67,1/3/18,1/6/17,
St. Petersburg,332,"18,600","18,600",74,1/3/18,1/6/17,
Vladivostok,278,"15,600","11,700",66,1/3/18,1/1/18,
Elsewhere,132,"7,410","5,550",59,1/3/18,1/1/18,
Rwanda (Rwanda Franc),,,,,,,
Kigali,185,"159,000","159,000",60,1/3/18,1/3/18,
Kigali (Kigali Marriott & Kigali Serena),292,"251,000","188,000",68,1/3/18,1/3/18,1
Kigali (Mille Collines),245,"211,000","158,000",57,1/3/18,1/3/18,1
Kigali (Radisson Blu),271,"233,000","175,000",63,1/3/18,1/3/18,1
Bugesera,124,"107,000","80,000",65,1/3/18,1/8/16,
Bugesera (Golden Tulip La Palisse),145,"125,000","93,800",63,1/3/18,1/1/17,1
Karongi,170,"146,000","110,000",52,1/3/18,1/1/17,
Kibungo (Akagera Lodge),131,"113,000","84,300",63,1/3/18,1/1/17,1
Musanze,145,"125,000","93,800",69,1/3/18,1/1/17,
Nyamasheke (Nyungwe),475,"409,000","306,000",87,1/3/18,1/7/16,1
Rubavu,160,"138,000","103,000",70,1/3/18,1/7/16,
Rubavu (Serena Lake Kivu),240,"207,000","155,000",58,1/3/18,1/1/17,1
Elsewhere,83,"71,400","71,400",63,1/3/18,1/1/17,
Saint Maarten (N.A. Gulder),,,,,,,
All Areas (15 April - 15 December),249,446,335,56,1/9/17,1/6/17,
All Areas (16 December - 14 April),289,520,388,60,1/9/17,1/6/17,
Samoa (Tala),,,,,,,
"Apia, Upolu",148,360,270,54,1/3/18,1/11/16,
"Apia, Upolu (Aggie Grey Resort, Taumeasina)",258,630,473,68,1/3/18,1/11/16,1
"Apia, Upolu (Tanoa Tusitala)",221,540,405,65,1/3/18,1/11/16,1
"Cape Fatuosofia, Upolu (Le Vasa Resort)",175,426,320,59,1/3/18,1/11/16,1
"Lalomanu, Upolu (Aga Reef Resort & Spa)",316,770,580,71,1/3/18,1/11/16,1
Savaii,137,334,251,60,1/3/18,1/11/16,
Savaii (Le Legato),295,720,540,75,1/3/18,1/11/16,1
"Siumu, Upolu (Coconuts Beach Resort)",242,590,443,66,1/3/18,1/11/16,1
Elsewhere,122,297,223,57,1/3/18,1/11/16,
Sao Tome and Principe (Dobra),,,,,,,
Sao Tome,167,"3,477,000","2,602,000",53,1/2/18,1/7/17,
"Sao Tome (Omali Sao Tome, Pestana Sao Tome)",242,"5,038,000","3,789,000",61,1/2/18,1/7/17,1
Sao Tome (Pestana Equador),190,"3,956,000","2,977,000",87,1/2/18,1/7/17,"1,7"
Principe,97,"2,019,000","1,520,000",64,1/2/18,1/7/17,
Principe (Bom Bom Island Resort),394,"8,203,000","6,162,000",78,1/2/18,1/7/17,1
Saudi Arabia (Saudi Riyal),,,,,,,
Riyadh,381,"1,430","1,070",58,1/8/17,1/6/17,
Al-Khobar,365,"1,370","1,030",54,1/8/17,1/6/17,
Jeddah,280,"1,050",790,43,1/8/17,1/6/17,
"Jeddah (Crowne Plaza, Intercontinental)",485,"1,820","1,370",54,1/8/17,1/6/17,1
Elsewhere,320,"1,200",900,58,1/8/17,1/6/17,
Senegal (CFA Franc(XOF)),,,,,,,
Dakar,284,"152,000","114,000",58,1/3/18,1/1/17,
Dakar (King Fahd Palace),389,"208,000","156,000",60,1/3/18,1/1/17,1
M'Bour,198,"106,000","79,500",59,1/3/18,1/1/17,
M'Bour (Hotel Lamantin Beach),327,"175,000","131,000",64,1/3/18,1/1/17,1
Toubacouta (Les Paletuviers),194,"104,000","78,000",87,1/3/18,1/1/17,1
Elsewhere,131,"70,000","52,500",54,1/3/18,1/1/17,
Serbia (Dinar),,,,,,,
Belgrade,180,"17,300","17,300",60,1/3/18,1/7/16,
Pristina,153,"14,700","11,100",59,1/3/18,1/11/17,
Elsewhere,101,"9,710","7,310",53,1/3/18,1/7/16,
Seychelles (SEY Rupee),,,,,,,
Mahe Victoria,319,"4,410","3,310",61,1/3/18,1/3/18,
"La Digue (Le Repaire, Patatran)",404,"5,590","4,190",72,1/3/18,1/3/18,1
La Digue and Praslin,295,"4,080","3,060",59,1/3/18,1/3/18,
Praslin (Archipel),680,"9,400","7,050",69,1/3/18,1/3/18,1
Praslin (Indian Ocean Lodge),468,"6,470","4,850",71,1/3/18,1/3/18,1
Sierra Leone (Leone),,,,,,,
Freetown,268,"1,983,000","1,487,000",63,1/2/18,1/8/17,
Freetown (Radisson Blu Mammy Yoko House),284,"2,102,000","1,576,000",61,1/2/18,1/8/17,1
Makeni,103,"762,000","570,000",53,1/2/18,1/8/17,
Elsewhere,92,"681,000","511,000",56,1/2/18,1/8/17,
Singapore (SIN Dollar),,,,,,,
All Areas,409,540,405,62,1/3/18,1/7/15,
Slovak Republic (Euro),,,,,,,
Bratislava,271,221,221,57,1/3/18,1/4/17,
Elsewhere,182,148,148,57,1/3/18,1/4/17,
"Slovenia, Republic of (Euro)",,,,,,,
All Areas,286,233,175,60,1/3/18,1/4/17,
Solomon Islands (SOI Dollar),,,,,,,
Honiara,286,"2,200","1,650",58,1/3/18,1/2/18,
Honiara (Heritage Park),490,"3,770","2,830",67,1/3/18,1/2/18,1
Auki,153,"1,180",890,61,1/3/18,1/2/18,
Gizo,202,"1,550","1,160",58,1/3/18,1/2/18,
Elsewhere,159,"1,220",920,40,1/3/18,1/2/18,
Somalia (Somali Shilling),,,,,,,
Mogadishu (Bancroft/International Campus- MIA),191,"4,641,000","4,641,000",87,1/8/17,1/8/17,"1,7"
Mogadishu (Chelsea Village),173,"4,204,000","4,204,000",87,1/8/17,1/8/17,"1,7"
Mogadishu (Nadiif),150,"3,645,000","3,645,000",87,1/8/17,1/8/17,"1,7"
Mogadishu (RA International),224,"5,443,000","5,443,000",87,1/9/17,1/9/17,"1,7"
Mogadishu (Thorn Tree),184,"4,471,000","4,471,000",71,1/8/17,1/8/17,1
Mogadishu (UNICEF Guest House),185,"4,496,000","4,496,000",87,1/9/17,1/9/17,"1,7"
Mogadishu (UNSOS Camp - MIA),144,"3,499,000","3,499,000",70,1/8/17,1/8/17,7
Mogadishu (WFP Guest House),201,"4,884,000","4,884,000",75,1/8/17,1/8/17,1
Baidoa (UNSOS Guest House),144,"3,499,000","3,499,000",70,1/8/17,1/8/17,1
Baledongle (UNSOS Guest House),144,"3,499,000","3,499,000",70,1/8/17,1/8/17,1
Beletweyne (UNSOS Guest House),144,"3,499,000","3,499,000",70,1/8/17,1/8/17,1
Berbera (Mansoor),95,"2,309,000","2,309,000",66,1/8/17,1/8/17,1
Dhobley (UNSOS Guest House),144,"3,499,000","3,499,000",70,1/8/17,1/8/17,1
Dollow (WFP Guest House),209,"5,079,000","5,079,000",87,1/8/17,1/8/17,1
Galkayo (WFP Guest House),92,"2,236,000","2,236,000",71,1/8/17,1/8/17,1
Garowe (UNCC New Villas),213,"5,176,000","5,176,000",75,1/8/17,1/8/17,1
Garowe (UNSOS GIH),230,"5,589,000","5,589,000",76,1/8/17,1/8/17,1
Hargeisa (Hotels Ambassador & Maansoor),136,"3,305,000","3,305,000",56,1/8/17,1/8/17,1
Jowhar (UNSOS Guest House),144,"3,499,000","3,499,000",70,1/8/17,1/8/17,1
Kismayo (Atlantean),403,"9,793,000","9,793,000",87,1/9/17,1/9/17,"1,7"
Kismayo (UNSOS Guest House),144,"3,499,000","3,499,000",70,1/8/17,1/8/17,1
Elsewhere,74,"1,798,000","1,798,000",50,1/8/17,1/8/17,
South Africa (Rand),,,,,,,
Pretoria,205,"2,400","1,800",70,1/3/18,1/7/17,
Bloemfontein,200,"2,340","1,760",60,1/3/18,1/7/17,
Capetown,261,"3,050","2,290",65,1/3/18,1/7/17,
Durban,251,"2,930","2,200",65,1/3/18,1/7/17,
East London,271,"3,170","2,380",67,1/3/18,1/7/17,
Johannesburg,346,"4,040","3,030",67,1/3/18,1/7/17,
Johannesburg-Sandton,322,"3,760","2,820",68,1/3/18,1/7/17,
Johannesburg-Sandton (Sandton Sun),560,"6,550","4,910",75,1/3/18,1/7/17,1
Magaliesburg/Muldersdrift,263,"3,080","2,310",73,1/3/18,1/10/12,
Musina,175,"2,040","1,530",47,1/3/18,1/7/17,
Polokwane,163,"1,910","1,430",61,1/3/18,1/10/12,
Sun City,246,"2,870","2,150",71,1/3/18,1/10/12,
Sun City (Special Hotels),337,"3,940","2,960",77,1/3/18,1/10/12,"1,34"
Elsewhere,129,"1,510","1,130",61,1/3/18,1/7/17,
"South Sudan, Republic of (Southern Sudanese Pound)",,,,,,,
Juba,221,"29,200","21,900",61,1/3/18,1/10/14,
Juba (Juba Grand),258,"34,100","25,600",70,1/3/18,1/10/14,1
Juba (Logali House),238,"31,400","23,600",74,1/3/18,1/10/14,1
Juba (UN Guest Houses),80,"10,600","10,600",60,1/3/18,1/10/14,
Aweil (Aweil Grand),269,"35,500","26,700",74,1/3/18,1/10/14,1
Aweil (South Sudan),192,"25,400","19,000",60,1/3/18,1/10/14,1
"Rumbek (Palm Tree, Safari Style)",202,"26,700","20,100",68,1/3/18,1/10/14,1
Torit,117,"15,500","11,600",67,1/3/18,1/10/14,
Torit (Torit Hotel),223,"29,500","22,100",61,1/3/18,1/10/14,1
"Wau (Amarula Lodge, Regency, Universal Gab, Wau River Lodge)",181,"23,900","18,000",68,1/3/18,1/10/14,1
"Yambio (Sunset, Tourist)",181,"23,900","18,000",69,1/3/18,1/10/14,1
Elsewhere,91,"12,000","8,980",57,1/3/18,1/10/14,
Elsewhere (UN Guest Houses),71,"9,380","7,000",48,1/3/18,1/10/14,
Spain (Euro),,,,,,,
Madrid,314,256,192,54,1/3/18,1/8/17,
Barcelona,293,239,179,58,1/3/18,1/8/17,
Elsewhere,233,190,143,55,1/3/18,1/8/17,
Sri Lanka (Sri Lanka Rupee),,,,,,,
Colombo,214,"33,100","24,900",68,1/3/18,1/2/18,
Colombo (Sri Lanka-based staff),122,"18,900","14,200",60,1/3/18,1/2/18,
"Ampara, Batticaloa, Trincomalee",76,"11,800","8,850",65,1/3/18,1/2/18,
"Jaffna, Killinochchi, Mannar, Mullaitivu, Vavunia",76,"11,800","8,850",65,1/3/18,1/2/18,
Kandy,157,"24,300","18,200",68,1/3/18,1/2/18,
Elsewhere,127,"19,700","14,800",62,1/3/18,1/2/18,
St. Kitts and Nevis (E.C. Dollar),,,,,,,
All Areas (15 Apr. - 14 Dec.),374,"1,010",760,54,1/10/17,1/10/17,
All Areas (15 Dec - 14 Apr.),456,"1,230",920,59,1/10/17,1/10/17,
St. Lucia (E.C. Dollar),,,,,,,
All Areas (15 Apr.-14 Dec.),448,"1,210",910,58,1/10/17,1/10/17,
"All Areas (15 Dec.-14 Apr,)",485,"1,310",980,60,1/10/17,1/10/17,
St.Vincent-Grenadines (E.C. Dollar),,,,,,,
All Areas (15 Apr. - 14 Dec.),319,860,650,50,1/10/17,1/10/17,
All Areas (15 Dec. - 14 Apr.),333,900,680,51,1/10/17,1/10/17,
Sudan (Sudanese Pound),,,,,,,
Khartoum,165,"4,830","3,630",60,1/3/18,1/5/17,
Port Sudan,141,"4,130","3,100",48,1/3/18,1/5/17,
Port Sudan (Coral),265,"7,760","5,830",56,1/3/18,1/5/17,1
Elsewhere,117,"3,430","2,580",60,1/3/18,1/5/17,
Suriname (Surinamese Dollar),,,,,,,
Paramaribo,172,"1,270",950,67,1/3/18,1/5/17,
Elsewhere,98,730,550,66,1/3/18,1/4/17,
Swaziland (Lilangeni),,,,,,,
Mbabane,222,"2,590","1,940",68,1/3/18,1/1/18,
Ezulwini,295,"3,450","2,590",71,1/3/18,1/1/18,
Manzini,189,"2,210","1,660",61,1/3/18,1/1/18,
Piggs Peak,163,"1,910","1,430",67,1/3/18,1/1/18,
Elsewhere,136,"1,590","1,190",62,1/3/18,1/1/18,
Sweden (Swedish Krona),,,,,,,
Stockholm,424,"3,480","2,610",64,1/3/18,1/6/17,
Elsewhere,324,"2,660","2,000",62,1/3/18,1/6/17,
Switzerland (Swiss Franc),,,,,,,
All Areas,408,383,287,61,1/3/18,1/7/17,
Syrian Arab Republic (Syrian Pound),,,,,,,
Damascus,196,"85,100","63,800",66,1/12/17,1/7/15,
Damascus (Four Seasons),274,"119,000","89,400",65,1/12/17,1/7/15,1
Aleppo,161,"69,900","52,500",59,1/12/17,1/7/15,
Homs,118,"51,200","38,600",67,1/12/17,1/7/15,
Lattakia,169,"73,300","55,100",72,1/12/17,1/7/15,
Tartous,106,"46,000","34,700",63,1/12/17,1/7/15,
Elsewhere,89,"38,600","29,100",57,1/12/17,1/7/15,
Tajikistan (Tajik Somoni),,,,,,,
Dushanbe,170,"1,500","1,130",66,1/3/18,1/7/17,
Darvaz (Karon Palace),145,"1,280",960,74,1/3/18,1/7/17,1
Regional Centers,90,790,600,68,1/3/18,1/7/17,21
Elsewhere,51,450,335,61,1/3/18,1/7/17,
"Tanzania, United Rep. of (Shilling)",,,,,,,
Dar es Salaam,223,"501,000","375,000",62,1/3/18,1/11/17,
Dar es Salaam  (Special hotels),312,"700,000","525,000",67,1/3/18,1/11/17,"1,24"
Arusha,188,"422,000","317,000",65,1/3/18,1/11/17,
Bagamoyo,150,"337,000","254,000",57,1/3/18,1/11/17,
Dodoma,141,"317,000","238,000",51,1/3/18,1/11/17,
Kigoma,147,"330,000","247,000",56,1/3/18,1/11/17,
Mbeya,105,"236,000","177,000",60,1/3/18,1/11/17,
Morogoro,105,"236,000","177,000",64,1/3/18,1/11/17,
Moshi,134,"301,000","227,000",64,1/3/18,1/11/17,
Mtwara,127,"285,000","213,000",59,1/3/18,1/11/17,
Mwanza,150,"337,000","254,000",63,1/3/18,1/11/17,
Ngorongoro/Serengeti,341,"766,000","575,000",72,1/3/18,1/11/17,
Pemba,127,"285,000","213,000",59,1/3/18,1/11/17,
Tanga,140,"314,000","236,000",57,1/3/18,1/11/17,
"Zanzibar (Park Hyatt, Serena Inn)",310,"696,000","523,000",64,1/3/18,1/11/17,1
"Zanzibar, Nungwi (Diamond La Gema, Essque Zallu, Royal Zanzibar)",398,"894,000","671,000",87,1/3/18,1/11/17,"1,7"
"Zanzibar, Nungwi (Hideaway, Melia)",469,"1,053,000","790,000",87,1/3/18,1/11/17,"1,7"
"Zanzibar, Nungwi (Neptune)",520,"1,167,000","876,000",88,1/3/18,1/11/17,"1,7"
"Zanzibar, Stonetown",170,"382,000","287,000",62,1/3/18,1/11/17,
Elsewhere,95,"213,000","159,000",59,1/3/18,1/11/17,
Thailand (Thai Baht),,,,,,,
Bangkok,228,"7,150","5,360",62,1/3/18,1/4/17,
Cha Am,190,"5,960","4,470",59,1/3/18,1/4/17,
Chiang Mai,146,"4,580","3,440",67,1/3/18,1/4/17,
Chiang Rai,143,"4,500","3,380",65,1/3/18,1/4/17,
Hua Hin,298,"9,350","7,010",61,1/3/18,1/4/17,
Kanchanaburi,169,"5,310","3,980",65,1/3/18,1/4/17,
Koh Samui,167,"5,260","3,950",59,1/3/18,1/4/17,
Pattaya,196,"6,160","4,620",59,1/3/18,1/4/17,
Phuket,244,"7,660","5,750",65,1/3/18,1/4/17,
Rayong,172,"5,400","4,050",62,1/3/18,1/4/17,
"Songkla, HatYai",98,"3,070","2,300",52,1/3/18,1/4/17,
Elsewhere,82,"2,580","1,940",57,1/3/18,1/4/17,
The former Yugoslav Republic of Macedonia (Denar),,,,,,,
Skopje,167,"8,390","6,280",62,1/3/18,1/3/18,
Ohrid & Struga,90,"4,520","3,420",61,1/3/18,1/3/18,
Elsewhere,74,"3,720","2,810",64,1/3/18,1/3/18,
Timor-Leste (US Dollar),,,,,,,
Dili,160,160,120,61,1/2/17,1/2/17,
"Dili (Novo Turismo, Timor Plaza)",227,227,170,56,1/2/17,1/2/17,1
Baucau (Hotel Pousada),115,115,86,61,1/2/17,1/2/17,1
Com -Lautem (Com Beach Resort),135,135,101,44,1/2/17,1/2/17,1
Oecussi (RAO Hotel),81,81,61,62,1/2/17,1/2/17,1
Elsewhere,66,66,50,57,1/2/17,1/2/17,
Togo (CFA Franc(XOF)),,,,,,,
Lome,198,"106,000","79,500",59,1/3/18,1/1/15,
Lome (Mercure Sarakawa),344,"184,000","138,000",66,1/3/18,1/1/15,1
"Lome (Palm Beach, Sancta Maria)",288,"154,000","116,000",60,1/3/18,1/1/15,1
Elsewhere,88,"47,100","35,300",60,1/3/18,1/1/15,
Tokelau (NZE Dollar),,,,,,,
All Areas,92,127,95,63,1/3/18,1/11/16,7
Tonga (Pa'anga),,,,,,,
Nuku'Alofa,232,498,374,67,1/2/18,1/2/18,
Vava'u,118,253,190,69,1/2/18,1/2/18,
Elsewhere,66,142,107,51,1/2/18,1/2/18,
Trinidad and Tobago (TT Dollar),,,,,,,
Trinidad - All Areas,313,"2,120","1,590",57,1/3/18,1/6/17,
Tobago (15 Apr.-15 Dec.),294,"1,990","1,500",55,1/3/18,1/6/17,
Tobago (16 Dec.-14 Apr.),313,"2,120","1,590",57,1/3/18,1/6/17,
Tunisia (Tunisian Dinar),,,,,,,
Tunis,142,343,257,60,1/3/18,1/4/16,
Elsewhere,110,265,199,58,1/3/18,1/4/16,
Turkey (New Turkish Lira),,,,,,,
Ankara,171,650,486,56,1/3/18,1/10/17,
Antalya,185,700,530,57,1/3/18,1/10/17,
Diyarbakir,135,510,383,50,1/3/18,1/10/17,
Gaziantep,133,500,380,53,1/3/18,1/10/17,
Istanbul,235,890,670,59,1/3/18,1/10/17,
Izmir,191,730,540,56,1/3/18,1/10/17,
Sanliurfa,135,510,383,50,1/3/18,1/10/17,
Elsewhere,124,471,353,52,1/3/18,1/10/17,
Turkmenistan (new Manat),,,,,,,
Ashgabat,249,870,650,51,1/1/17,1/1/17,
Ashgabat (Resident),180,630,473,47,1/1/17,1/1/17,
Balkanabat (Nebitchi),128,448,336,55,1/1/17,1/1/17,1
Balkanabat (Nebitchi) Resident,79,277,207,36,1/1/17,1/1/17,1
Turkmenbashi,125,438,328,61,1/1/17,1/1/17,
Turkmenbashy (Resident),84,294,221,49,1/1/17,1/1/17,
Elsewhere (Foreigners),94,329,247,63,1/1/17,1/1/17,
Elsewhere (Turkmen Citizens),61,214,160,49,1/1/17,1/1/17,
Turks & Caicos Islands (US Dollar),,,,,,,
Grand Turk,384,384,288,64,1/3/16,1/3/16,
Providenciales (14 Apr. - 21 Dec.),438,438,329,67,1/3/16,1/3/16,
Providenciales (22 Dec. - 13 Apr.],540,540,405,70,1/3/16,1/3/16,
Tuvalu (AUL Dollar),,,,,,,
All Areas,210,268,201,68,1/3/18,1/2/18,
Uganda (Uganda Shilling),,,,,,,
Kampala,216,"788,000","591,000",69,1/3/18,1/12/17,
Kampala (Kampala Serena),530,"1,932,000","1,451,000",72,1/3/18,1/12/17,1
Kampala (Sheraton),291,"1,061,000","795,000",71,1/3/18,1/12/17,1
Entebbe,203,"740,000","554,000",70,1/3/18,1/12/17,
Entebbe (Protea),347,"1,265,000","948,000",74,1/3/18,1/12/17,1
Jinja (Jinja Nile Resort),290,"1,057,000","795,000",73,1/3/18,1/12/17,1
"Kabale (Chobe Safari Lodge, Paraa Safari Lodge)",281,"1,025,000","769,000",69,1/3/18,1/1/18,1
Kabale (Silverback Lodge),315,"1,148,000","860,000",71,1/3/18,1/1/18,1
Mbarara,98,"357,000","270,000",66,1/3/18,1/12/17,
Mbarara (Mweya Safari Lodge),284,"1,035,000","777,000",69,1/3/18,1/1/18,1
Elsewhere,63,"230,000","171,000",61,1/3/18,1/12/17,
Ukraine (Hryvnia),,,,,,,
Kyiv,192,"5,220","3,920",60,1/3/18,1/4/17,
Kyiv (Hyatt Regency),330,"8,980","6,750",61,1/3/18,1/4/17,1
"Kyiv (Intercontinental, Premier Palace)",307,"8,350","6,260",63,1/3/18,1/4/17,1
Kyiv (Radisson Blu),279,"7,590","5,680",69,1/3/18,1/4/17,1
Dnipro,94,"2,560","1,930",48,1/3/18,1/4/17,
Dnipro (Grand),175,"4,760","3,560",56,1/3/18,1/4/17,1
Donetsk,200,"5,440","4,080",50,1/3/18,1/4/17,
Kharkiv,100,"2,720","2,040",43,1/3/18,1/4/17,
Kharkiv (Kharkiv Palats),170,"4,620","3,480",47,1/3/18,1/4/17,1
Lviv,92,"2,500","1,880",52,1/3/18,1/4/17,
Lviv (Leopolis),132,"3,590","2,690",56,1/3/18,1/4/17,1
Odesa,106,"2,880","2,180",53,1/3/18,1/4/17,
Odesa (Londonskaya),139,"3,780","2,830",55,1/3/18,1/4/17,1
Odesa (Otrada),176,"4,790","3,590",59,1/3/18,1/4/17,1
Elsewhere,68,"1,850","1,390",44,1/3/18,1/4/17,
United Arab Emirates (U.A.E. Dirham),,,,,,,
Abu Dhabi,370,"1,360","1,020",54,1/2/18,1/8/17,
Dubai,392,"1,440","1,080",62,1/2/18,1/8/17,
Elsewhere,376,"1,380","1,040",59,1/2/18,1/8/17,
United Kingdom (U.K. Pound),,,,,,,
London,413,297,223,65,1/3/18,1/6/17,
Elsewhere,363,261,196,60,1/3/18,1/6/17,
Uruguay (Peso Uruguayo),,,,,,,
Montevideo,216,"6,110","4,580",56,1/3/18,1/7/17,
Colonia,247,"6,990","5,240",57,1/3/18,1/7/17,
Punta Del Este (April-Nov),193,"5,460","4,100",60,1/3/18,1/7/17,
"Punta Del Este (Conrad) December-March",469,"13,300","9,960",75,1/3/18,1/7/17,1
Punta Del Este (Dec-March),345,"9,760","7,330",72,1/3/18,1/7/17,
Salto,245,"6,930","5,210",61,1/3/18,1/7/17,
Elsewhere,169,"4,780","3,590",52,1/3/18,1/7/17,
USA (US Dollar),,,,,,,
Washington D.C.,373,373,280,60,1/7/17,1/7/17,
Boston,385,385,289,70,1/8/17,1/8/17,
Chicago,339,339,254,71,1/8/17,1/8/17,
Honolulu,385,385,289,73,1/8/17,1/8/17,
Los Angeles,385,385,289,73,1/8/17,1/8/17,
Miami,348,348,261,72,1/8/17,1/8/17,
New York (First 30 Days),410,410,273,60,1/8/17,1/8/17,
New York (Next 30 Days),349,349,274,60,1/8/17,1/8/17,
"New York Special Hotels (Jan-Aug)First 30 days",500,500,333,65,1/8/17,1/8/17,"1,22"
"New York Special Hotels (Jan-Aug)Next 30 days",425,425,333,65,1/8/17,1/8/17,"1,22"
"New York Special Hotels (Sep-Dec)First 30 days",600,600,400,69,1/8/17,1/8/17,"1,23"
"New York Special Hotels (Sep-Dec)Next 30 days",510,510,400,69,1/8/17,1/8/17,"1,23"
Philadelphia,326,326,245,68,1/8/17,1/8/17,
San Francisco,381,381,286,70,1/8/17,1/8/17,
Elsewhere,303,303,227,70,1/8/17,1/8/17,
Uzbekistan (Uzbekistan Sum),,,,,,,
Tashkent,212,"1,732,000","1,299,000",55,1/2/18,1/9/16,
Tashkent (Residents),175,"1,430,000","1,071,000",53,1/2/18,1/9/16,
Bukhara,95,"776,000","580,000",62,1/2/18,1/9/16,
Bukhara (Residents),67,"548,000","409,000",52,1/2/18,1/9/16,
Fergana,106,"866,000","654,000",61,1/2/18,1/9/16,
Fergana (Residents),80,"654,000","490,000",53,1/2/18,1/9/16,
Nukus and Urgench (Nonresidents),85,"695,000","523,000",58,1/2/18,1/9/16,
Samarkhand,147,"1,201,000","899,000",61,1/2/18,1/9/16,
Samarkhand (Residents),91,"744,000","556,000",45,1/2/18,1/9/16,
Termez,95,"776,000","580,000",60,1/2/18,1/9/16,
Elsewhere,76,"621,000","466,000",55,1/2/18,1/9/16,
Elsewhere (Residents),58,"474,000","360,000",44,1/2/18,1/9/16,
Vanuatu (Vatu),,,,,,,
Port Vila,367,"37,800","28,400",61,1/3/18,1/2/18,
Santos,268,"27,600","20,700",57,1/3/18,1/2/18,
Tanna Island,308,"31,700","23,800",65,1/3/18,1/2/18,
Elsewhere,113,"11,600","8,700",84,1/3/18,1/3/17,
Venezuela (Bolivar Fuerte),,,,,,,
Caracas,146,"4,213,000","3,174,000",71,1/3/18,1/9/15,
"Barcelona, Puerto La Cruz",109,"3,145,000","2,366,000",58,1/3/18,1/9/15,
Barinas,56,"1,616,000","1,212,000",71,1/3/18,1/9/15,
Barquisimieto,100,"2,886,000","2,164,000",71,1/3/18,1/9/15,
Cumana,78,"2,251,000","1,702,000",74,1/3/18,1/9/15,
Isla de Margarita,108,"3,116,000","2,337,000",77,1/3/18,1/9/15,
La Guaira,146,"4,213,000","3,174,000",77,1/3/18,1/9/15,
Maracaibo,90,"2,597,000","1,962,000",70,1/3/18,1/9/15,
Maracay and Valencia,98,"2,828,000","2,135,000",65,1/3/18,1/9/15,
Maturin,68,"1,962,000","1,472,000",74,1/3/18,1/9/15,
Merida,67,"1,933,000","1,443,000",69,1/3/18,1/9/15,
Puerto Ordaz,112,"3,232,000","2,424,000",67,1/3/18,1/9/15,
Punto Fijo,73,"2,106,000","1,587,000",66,1/3/18,1/9/15,
San Cristobal,52,"1,500,000","1,125,000",55,1/3/18,1/9/15,
Elsewhere,47,"1,356,000","1,010,000",59,1/3/18,1/9/15,
Vietnam (VietNam Dong),,,,,,,
Hanoi,168,"3,821,000","3,821,000",59,1/3/18,1/7/16,
Can Tho,89,"2,024,000","1,524,000",55,1/3/18,1/7/16,
Da Lat,130,"2,957,000","2,229,000",58,1/3/18,1/7/16,
"Da Nang City, Nha Trang",132,"3,002,000","2,252,000",62,1/3/18,1/7/16,
Ha Long City,98,"2,229,000","1,683,000",55,1/3/18,1/7/16,
"Hai Phong City , Do Son",132,"3,002,000","2,252,000",60,1/3/18,1/7/16,
Ho Chi Minh City,159,"3,616,000","3,616,000",58,1/3/18,1/7/16,
Hoi An City,128,"2,911,000","2,184,000",61,1/3/18,1/7/16,
Hue City,103,"2,343,000","1,751,000",56,1/3/18,1/7/16,
Elsewhere,69,"1,569,000","1,569,000",54,1/3/18,1/7/16,
Virgin Islands (U.S.A) (US Dollar),,,,,,,
All Areas (1 May -14 Dec.),381,381,286,64,1/11/15,1/11/15,
All Areas (15 Dec. - 30 Apr.),530,530,398,70,1/11/16,1/11/16,
West Bank (Shekel),,,,,,,
Jericho Area,186,650,487,63,1/3/18,1/8/17,
The Gaza Strip,165,570,431,61,1/3/18,1/8/17,
Elsewhere in the West Bank,217,750,570,62,1/3/18,1/8/17,
Western Sahara (Morocco Dirham),,,,,,,
Laayoune,120,"1,110",830,45,1/3/18,1/7/17,
"Yemen, Republic of (Yemeni Rial)",,,,,,,
Sana'a,150,"67,800","51,100",50,1/3/18,1/4/15,
Sana'a (DTF-Former Sheraton),291,"132,000","98,500",64,1/3/18,1/9/15,
"Sana'a (Movenpick, Sheba)",220,"99,400","74,600",54,1/3/18,1/4/15,1
Aden,134,"60,600","45,700",52,1/3/18,1/4/15,
Hodeidah,104,"47,000","35,300",46,1/3/18,1/4/15,
Mukalla (Ramada),144,"65,100","48,800",49,1/3/18,1/4/15,1
Socotra,127,"57,400","42,900",59,1/3/18,1/4/15,
Taiz (Al-Saeed),184,"83,200","62,400",54,1/3/18,1/4/15,1
Elsewhere,100,"45,200","33,900",51,1/3/18,1/4/15,
Zambia (Zambian Kwacha (New)),,,,,,,
Lusaka,246,"2,400","1,810",69,1/3/18,1/9/17,
Lusaka (Intercontinental Hotel),313,"3,060","2,300",66,1/3/18,1/9/17,1
"Lusaka (Protea Arcade, Southern Sun Ridgeway, Taj Pamodzi)",343,"3,350","2,510",72,1/3/18,1/9/17,1
Chingola,186,"1,820","1,370",66,1/3/18,1/9/17,
Chipata,137,"1,340","1,010",69,1/3/18,1/9/17,
Chipata (Protea),299,"2,920","2,190",74,1/3/18,1/10/17,1
Kitwe,219,"2,140","1,600",67,1/3/18,1/9/17,
Livingstone,187,"1,830","1,370",74,1/3/18,1/9/17,
"Livingstone (Protea, David Livingstone, Avani Victoria Falls)",445,"4,350","3,260",67,1/3/18,1/9/17,1
Ndola,289,"2,820","2,120",67,1/3/18,1/9/17,
"Siavonga (Lake Safari, Lake Kariba, Freshview)",174,"1,700","1,280",65,1/3/18,1/9/17,1
Solwezi,183,"1,790","1,340",72,1/3/18,1/9/17,
"Solwezi (Kasanshi, Royal Solwezi)",269,"2,630","1,970",66,1/3/18,1/9/17,1
Elsewhere,128,"1,250",940,67,1/3/18,1/9/17,
Zimbabwe (Zimbabwe Dollar),,,,,,,
Harare,188,"28,200,000","21,150,000",60,1/9/17,1/9/17,
Bulawayo,151,"22,650,000","16,988,000",58,1/9/17,1/9/17,
Chegutu (Pamuzunda Hotel),189,"28,350,000","21,263,000",63,1/9/17,1/9/17,1
Kadoma,160,"24,000,000","18,000,000",53,1/9/17,1/9/17,
Kariba,157,"23,550,000","17,663,000",59,1/9/17,1/9/17,
Masvingo,127,"19,050,000","14,288,000",60,1/9/17,1/9/17,
Mutare,156,"23,400,000","17,550,000",57,1/9/17,1/9/17,
Nyanga,150,"22,500,000","16,875,000",58,1/9/17,1/9/17,
Victoria Falls,199,"29,850,000","22,388,000",58,1/9/17,1/9/17,
Victoria Falls (Victoria Falls Hotel),293,"43,950,000","32,963,000",61,1/9/17,1/9/17,1
Vumba,152,"22,800,000","17,100,000",63,1/9/17,1/9/17,
Elsewhere,110,"16,500,000","12,375,000",56,1/9/17,1/9/17,